Epoch,Train Loss,Recall@5,MRR5,Best Epoch for Recall@5,Best Epoch for MRR5,Train Loss,Recall@10,MRR10,Best Epoch for Recall@10,Best Epoch for MRR10,Train Loss,Recall@20,MRR20,Best Epoch for Recall@20,Best Epoch for MRR20
0,"tensor(42624.6914, device='cuda:0', grad_fn=<AddBackward0>)",22.30888030888031,15.257786357786356,0,0,"tensor(42624.6914, device='cuda:0', grad_fn=<AddBackward0>)",27.52895752895753,15.955370166084451,0,0,"tensor(42624.6914, device='cuda:0', grad_fn=<AddBackward0>)",32.91119691119691,16.328667395761602,0,0
1,"tensor(40343.8555, device='cuda:0', grad_fn=<AddBackward0>)",22.409266409266408,15.1021879021879,1,0,"tensor(40343.8555, device='cuda:0', grad_fn=<AddBackward0>)",27.575289575289574,15.794012379726663,1,0,"tensor(40343.8555, device='cuda:0', grad_fn=<AddBackward0>)",32.86486486486486,16.162982904203606,0,0
2,"tensor(39526.4062, device='cuda:0', grad_fn=<AddBackward0>)",22.382239382239383,15.0028314028314,1,0,"tensor(39526.4062, device='cuda:0', grad_fn=<AddBackward0>)",27.9034749034749,15.744554758840476,2,0,"tensor(39526.4062, device='cuda:0', grad_fn=<AddBackward0>)",33.204633204633204,16.113063252619867,2,0
3,"tensor(38949.5625, device='cuda:0', grad_fn=<AddBackward0>)",22.401544401544403,15.089510939510939,1,0,"tensor(38949.5625, device='cuda:0', grad_fn=<AddBackward0>)",27.94980694980695,15.832423239566099,3,0,"tensor(38949.5625, device='cuda:0', grad_fn=<AddBackward0>)",33.27027027027027,16.20264059537611,3,0
4,"tensor(38530.6953, device='cuda:0', grad_fn=<AddBackward0>)",22.27799227799228,14.96106821106821,1,0,"tensor(38530.6953, device='cuda:0', grad_fn=<AddBackward0>)",27.930501930501933,15.71973248758963,3,0,"tensor(38530.6953, device='cuda:0', grad_fn=<AddBackward0>)",33.528957528957534,16.110909795966187,4,0
5,"tensor(38180.3320, device='cuda:0', grad_fn=<AddBackward0>)",22.45173745173745,14.985328185328184,5,0,"tensor(38180.3320, device='cuda:0', grad_fn=<AddBackward0>)",28.03861003861004,15.731007538150394,5,0,"tensor(38180.3320, device='cuda:0', grad_fn=<AddBackward0>)",33.915057915057915,16.14059363530283,5,0
6,"tensor(37926.4805, device='cuda:0', grad_fn=<AddBackward0>)",22.3011583011583,15.006177606177607,5,0,"tensor(37926.4805, device='cuda:0', grad_fn=<AddBackward0>)",27.95752895752896,15.760004902862049,5,0,"tensor(37926.4805, device='cuda:0', grad_fn=<AddBackward0>)",33.83783783783784,16.16720053075095,5,0
7,"tensor(37688.0273, device='cuda:0', grad_fn=<AddBackward0>)",22.293436293436294,14.998262548262547,5,0,"tensor(37688.0273, device='cuda:0', grad_fn=<AddBackward0>)",28.08494208494208,15.767919960777101,7,0,"tensor(37688.0273, device='cuda:0', grad_fn=<AddBackward0>)",33.942084942084946,16.1710742546877,7,0
8,"tensor(37464.1836, device='cuda:0', grad_fn=<AddBackward0>)",22.05791505791506,14.89054054054054,5,0,"tensor(37464.1836, device='cuda:0', grad_fn=<AddBackward0>)",27.9034749034749,15.66479132193418,7,0,"tensor(37464.1836, device='cuda:0', grad_fn=<AddBackward0>)",33.633204633204635,16.061861373117452,7,0
9,"tensor(37365.9727, device='cuda:0', grad_fn=<AddBackward0>)",21.945945945945947,14.765379665379665,5,0,"tensor(37365.9727, device='cuda:0', grad_fn=<AddBackward0>)",27.683397683397683,15.521869829012685,7,0,"tensor(37365.9727, device='cuda:0', grad_fn=<AddBackward0>)",33.59073359073359,15.938265839830413,7,0
10,"tensor(37137.2070, device='cuda:0', grad_fn=<AddBackward0>)",21.806949806949806,14.606821106821105,5,0,"tensor(37137.2070, device='cuda:0', grad_fn=<AddBackward0>)",27.420849420849418,15.35135747992891,7,0,"tensor(37137.2070, device='cuda:0', grad_fn=<AddBackward0>)",33.366795366795365,15.766589598500257,7,0
11,"tensor(37078.3594, device='cuda:0', grad_fn=<AddBackward0>)",21.552123552123554,14.48005148005148,5,0,"tensor(37078.3594, device='cuda:0', grad_fn=<AddBackward0>)",27.100386100386096,15.223452534166821,7,0,"tensor(37078.3594, device='cuda:0', grad_fn=<AddBackward0>)",33.13513513513514,15.644206503687927,7,0
12,"tensor(36892.0156, device='cuda:0', grad_fn=<AddBackward0>)",21.405405405405407,14.306113256113257,5,0,"tensor(36892.0156, device='cuda:0', grad_fn=<AddBackward0>)",26.74131274131274,15.01747410675982,7,0,"tensor(36892.0156, device='cuda:0', grad_fn=<AddBackward0>)",32.528957528957534,15.424022532630449,7,0
13,"tensor(36771.9883, device='cuda:0', grad_fn=<AddBackward0>)",21.16216216216216,14.20797940797941,5,0,"tensor(36771.9883, device='cuda:0', grad_fn=<AddBackward0>)",26.864864864864863,14.970492431206717,7,0,"tensor(36771.9883, device='cuda:0', grad_fn=<AddBackward0>)",32.61389961389962,15.373211490709279,7,0
14,"tensor(36655.6484, device='cuda:0', grad_fn=<AddBackward0>)",21.185328185328185,14.084169884169883,5,0,"tensor(36655.6484, device='cuda:0', grad_fn=<AddBackward0>)",26.63706563706564,14.805371698228843,7,0,"tensor(36655.6484, device='cuda:0', grad_fn=<AddBackward0>)",32.18532818532819,15.190337596242061,7,0
15,"tensor(36565.2305, device='cuda:0', grad_fn=<AddBackward0>)",20.957528957528957,14.07985842985843,5,0,"tensor(36565.2305, device='cuda:0', grad_fn=<AddBackward0>)",26.193050193050194,14.781286388429246,7,0,"tensor(36565.2305, device='cuda:0', grad_fn=<AddBackward0>)",31.822393822393824,15.171609039720495,7,0
16,"tensor(36355.9531, device='cuda:0', grad_fn=<AddBackward0>)",20.64092664092664,13.91203346203346,5,0,"tensor(36355.9531, device='cuda:0', grad_fn=<AddBackward0>)",25.83783783783784,14.60446466875038,7,0,"tensor(36355.9531, device='cuda:0', grad_fn=<AddBackward0>)",31.189189189189186,14.976103970984555,7,0
17,"tensor(36269.6758, device='cuda:0', grad_fn=<AddBackward0>)",20.254826254826256,13.755855855855856,5,0,"tensor(36269.6758, device='cuda:0', grad_fn=<AddBackward0>)",25.416988416988417,14.442391370962799,7,0,"tensor(36269.6758, device='cuda:0', grad_fn=<AddBackward0>)",30.718146718146716,14.808494890427665,7,0
18,"tensor(36170.2031, device='cuda:0', grad_fn=<AddBackward0>)",20.517374517374517,13.826319176319176,5,0,"tensor(36170.2031, device='cuda:0', grad_fn=<AddBackward0>)",25.521235521235518,14.492748360605507,7,0,"tensor(36170.2031, device='cuda:0', grad_fn=<AddBackward0>)",30.6988416988417,14.850763268332928,7,0
19,"tensor(35990.2656, device='cuda:0', grad_fn=<AddBackward0>)",20.293436293436294,13.798326898326899,5,0,"tensor(35990.2656, device='cuda:0', grad_fn=<AddBackward0>)",25.142857142857146,14.4432064717779,7,0,"tensor(35990.2656, device='cuda:0', grad_fn=<AddBackward0>)",30.15830115830116,14.790790319533132,7,0
20,"tensor(35883.3711, device='cuda:0', grad_fn=<AddBackward0>)",20.27027027027027,13.7493564993565,5,0,"tensor(35883.3711, device='cuda:0', grad_fn=<AddBackward0>)",25.212355212355213,14.402578599007171,7,0,"tensor(35883.3711, device='cuda:0', grad_fn=<AddBackward0>)",30.173745173745175,14.746365302081802,7,0
21,"tensor(35790., device='cuda:0', grad_fn=<AddBackward0>)",20.455598455598455,13.709266409266407,5,0,"tensor(35790., device='cuda:0', grad_fn=<AddBackward0>)",25.71042471042471,14.414391432248575,7,0,"tensor(35790., device='cuda:0', grad_fn=<AddBackward0>)",30.861003861003862,14.774351505631914,7,0
22,"tensor(35684.6953, device='cuda:0', grad_fn=<AddBackward0>)",19.74903474903475,13.396589446589449,5,0,"tensor(35684.6953, device='cuda:0', grad_fn=<AddBackward0>)",24.602316602316602,14.042227431513146,7,0,"tensor(35684.6953, device='cuda:0', grad_fn=<AddBackward0>)",29.32818532818533,14.370537554184168,7,0
23,"tensor(35577.6992, device='cuda:0', grad_fn=<AddBackward0>)",19.660231660231663,13.265958815958816,5,0,"tensor(35577.6992, device='cuda:0', grad_fn=<AddBackward0>)",24.72972972972973,13.94464668750383,7,0,"tensor(35577.6992, device='cuda:0', grad_fn=<AddBackward0>)",29.633204633204635,14.285643454412803,7,0
24,"tensor(35478.4844, device='cuda:0', grad_fn=<AddBackward0>)",19.177606177606176,12.96763191763192,5,0,"tensor(35478.4844, device='cuda:0', grad_fn=<AddBackward0>)",24.05019305019305,13.624878960593245,7,0,"tensor(35478.4844, device='cuda:0', grad_fn=<AddBackward0>)",29.115830115830114,13.976772162691004,7,0
25,"tensor(35452.8633, device='cuda:0', grad_fn=<AddBackward0>)",19.486486486486488,13.125096525096524,5,0,"tensor(35452.8633, device='cuda:0', grad_fn=<AddBackward0>)",24.409266409266408,13.785904271618557,7,0,"tensor(35452.8633, device='cuda:0', grad_fn=<AddBackward0>)",29.42084942084942,14.134603311576996,7,0
26,"tensor(35235.8906, device='cuda:0', grad_fn=<AddBackward0>)",19.779922779922778,13.251222651222653,5,0,"tensor(35235.8906, device='cuda:0', grad_fn=<AddBackward0>)",24.833976833976834,13.926621008763865,7,0,"tensor(35235.8906, device='cuda:0', grad_fn=<AddBackward0>)",29.82625482625483,14.27296091366746,7,0
27,"tensor(35207.9688, device='cuda:0', grad_fn=<AddBackward0>)",19.745173745173744,13.255662805662805,5,0,"tensor(35207.9688, device='cuda:0', grad_fn=<AddBackward0>)",24.7027027027027,13.921894343322915,7,0,"tensor(35207.9688, device='cuda:0', grad_fn=<AddBackward0>)",29.586872586872587,14.26047748292883,7,0
28,"tensor(35114.0586, device='cuda:0', grad_fn=<AddBackward0>)",19.671814671814673,13.158622908622908,5,0,"tensor(35114.0586, device='cuda:0', grad_fn=<AddBackward0>)",24.494208494208493,13.80659741374027,7,0,"tensor(35114.0586, device='cuda:0', grad_fn=<AddBackward0>)",29.482625482625487,14.154882458658443,7,0
29,"tensor(35042.8828, device='cuda:0', grad_fn=<AddBackward0>)",18.861003861003862,12.611840411840413,5,0,"tensor(35042.8828, device='cuda:0', grad_fn=<AddBackward0>)",23.575289575289577,13.24393730465159,7,0,"tensor(35042.8828, device='cuda:0', grad_fn=<AddBackward0>)",28.208494208494205,13.568433981138536,7,0
