Epoch,Train Loss,Recall@5,MRR5,Best Epoch for Recall@5,Best Epoch for MRR5,Train Loss,Recall@10,MRR10,Best Epoch for Recall@10,Best Epoch for MRR10,Train Loss,Recall@20,MRR20,Best Epoch for Recall@20,Best Epoch for MRR20
0,"tensor(22093.9434, device='cuda:0', grad_fn=<AddBackward0>)",38.0,25.61611842105263,0,0,"tensor(22093.9434, device='cuda:0', grad_fn=<AddBackward0>)",46.11184210526316,26.700566520467838,0,0,"tensor(22093.9434, device='cuda:0', grad_fn=<AddBackward0>)",54.25657894736842,27.26987472598826,0,0
1,"tensor(18127.7598, device='cuda:0', grad_fn=<AddBackward0>)",39.401315789473685,26.286951754385967,1,1,"tensor(18127.7598, device='cuda:0', grad_fn=<AddBackward0>)",47.80921052631579,27.410466269841265,1,1,"tensor(18127.7598, device='cuda:0', grad_fn=<AddBackward0>)",55.74342105263158,27.962236583585064,1,1
2,"tensor(17262.7129, device='cuda:0', grad_fn=<AddBackward0>)",39.68421052631579,26.81315789473684,2,2,"tensor(17262.7129, device='cuda:0', grad_fn=<AddBackward0>)",47.68421052631579,27.88306704260652,1,2,"tensor(17262.7129, device='cuda:0', grad_fn=<AddBackward0>)",55.868421052631575,28.448282909041424,2,2
3,"tensor(16774.6855, device='cuda:0', grad_fn=<AddBackward0>)",39.71052631578947,26.843201754385966,3,3,"tensor(16774.6855, device='cuda:0', grad_fn=<AddBackward0>)",48.01973684210527,27.96821741854636,3,3,"tensor(16774.6855, device='cuda:0', grad_fn=<AddBackward0>)",55.64473684210526,28.49786479922184,2,3
4,"tensor(16444.5918, device='cuda:0', grad_fn=<AddBackward0>)",39.88815789473684,27.18223684210526,4,4,"tensor(16444.5918, device='cuda:0', grad_fn=<AddBackward0>)",48.07236842105263,28.28394162489557,4,4,"tensor(16444.5918, device='cuda:0', grad_fn=<AddBackward0>)",55.868421052631575,28.82042068184066,2,4
5,"tensor(16187.6924, device='cuda:0', grad_fn=<AddBackward0>)",40.171052631578945,27.332565789473684,5,5,"tensor(16187.6924, device='cuda:0', grad_fn=<AddBackward0>)",48.28947368421053,28.42098475355054,5,5,"tensor(16187.6924, device='cuda:0', grad_fn=<AddBackward0>)",55.7828947368421,28.93892858845299,2,5
6,"tensor(15976.1797, device='cuda:0', grad_fn=<AddBackward0>)",39.89473684210526,27.36589912280702,5,6,"tensor(15976.1797, device='cuda:0', grad_fn=<AddBackward0>)",48.078947368421055,28.47159565580618,5,6,"tensor(15976.1797, device='cuda:0', grad_fn=<AddBackward0>)",55.46710526315789,28.989843141300746,2,6
7,"tensor(15775.1436, device='cuda:0', grad_fn=<AddBackward0>)",39.98684210526316,26.995504385964914,5,6,"tensor(15775.1436, device='cuda:0', grad_fn=<AddBackward0>)",47.94736842105263,28.06843410609858,5,6,"tensor(15775.1436, device='cuda:0', grad_fn=<AddBackward0>)",55.52631578947368,28.595083302269984,2,6
8,"tensor(15584.4365, device='cuda:0', grad_fn=<AddBackward0>)",39.95394736842105,27.186403508771928,5,6,"tensor(15584.4365, device='cuda:0', grad_fn=<AddBackward0>)",47.85526315789474,28.247814849624053,5,6,"tensor(15584.4365, device='cuda:0', grad_fn=<AddBackward0>)",55.328947368421055,28.763512267101664,2,6
9,"tensor(15393.1504, device='cuda:0', grad_fn=<AddBackward0>)",39.473684210526315,27.247697368421047,5,6,"tensor(15393.1504, device='cuda:0', grad_fn=<AddBackward0>)",47.348684210526315,28.304104010025068,5,6,"tensor(15393.1504, device='cuda:0', grad_fn=<AddBackward0>)",55.01315789473684,28.836567929071137,2,6
10,"tensor(15207.3105, device='cuda:0', grad_fn=<AddBackward0>)",39.5,27.285635964912274,5,6,"tensor(15207.3105, device='cuda:0', grad_fn=<AddBackward0>)",47.10526315789474,28.309247076023393,5,6,"tensor(15207.3105, device='cuda:0', grad_fn=<AddBackward0>)",54.76973684210527,28.846664302957333,2,6
11,"tensor(15023.0518, device='cuda:0', grad_fn=<AddBackward0>)",39.05263157894737,27.209978070175435,5,6,"tensor(15023.0518, device='cuda:0', grad_fn=<AddBackward0>)",47.0,28.284121762740185,5,6,"tensor(15023.0518, device='cuda:0', grad_fn=<AddBackward0>)",54.625,28.817813746303848,2,6
12,"tensor(14849.1719, device='cuda:0', grad_fn=<AddBackward0>)",39.375,27.328508771929826,5,6,"tensor(14849.1719, device='cuda:0', grad_fn=<AddBackward0>)",47.0,28.353401733500423,5,6,"tensor(14849.1719, device='cuda:0', grad_fn=<AddBackward0>)",54.10526315789473,28.846049864602296,2,6
13,"tensor(14677.5684, device='cuda:0', grad_fn=<AddBackward0>)",39.223684210526315,26.977192982456145,5,6,"tensor(14677.5684, device='cuda:0', grad_fn=<AddBackward0>)",46.68421052631579,27.975576963241434,5,6,"tensor(14677.5684, device='cuda:0', grad_fn=<AddBackward0>)",53.993421052631575,28.48330120276791,2,6
14,"tensor(14518.3018, device='cuda:0', grad_fn=<AddBackward0>)",38.81578947368421,26.90427631578947,5,6,"tensor(14518.3018, device='cuda:0', grad_fn=<AddBackward0>)",46.526315789473685,27.93644527986633,5,6,"tensor(14518.3018, device='cuda:0', grad_fn=<AddBackward0>)",53.690789473684205,28.43741766201182,2,6
15,"tensor(14364.3037, device='cuda:0', grad_fn=<AddBackward0>)",38.39473684210527,26.865570175438595,5,6,"tensor(14364.3037, device='cuda:0', grad_fn=<AddBackward0>)",46.31578947368421,27.935166040100253,5,6,"tensor(14364.3037, device='cuda:0', grad_fn=<AddBackward0>)",53.68421052631579,28.447133148199683,2,6
16,"tensor(14216.9189, device='cuda:0', grad_fn=<AddBackward0>)",38.5921052631579,27.20559210526316,5,6,"tensor(14216.9189, device='cuda:0', grad_fn=<AddBackward0>)",46.059210526315795,28.202461883876357,5,6,"tensor(14216.9189, device='cuda:0', grad_fn=<AddBackward0>)",53.190789473684205,28.700974615385157,2,6
17,"tensor(14073.3613, device='cuda:0', grad_fn=<AddBackward0>)",38.7828947368421,27.191995614035086,5,6,"tensor(14073.3613, device='cuda:0', grad_fn=<AddBackward0>)",46.21710526315789,28.187873329156222,5,6,"tensor(14073.3613, device='cuda:0', grad_fn=<AddBackward0>)",52.91447368421053,28.653119208786933,2,6
18,"tensor(13940.0586, device='cuda:0', grad_fn=<AddBackward0>)",38.625,26.86282894736842,5,6,"tensor(13940.0586, device='cuda:0', grad_fn=<AddBackward0>)",45.796052631578945,27.82835474101922,5,6,"tensor(13940.0586, device='cuda:0', grad_fn=<AddBackward0>)",52.76315789473684,28.316236693648044,2,6
19,"tensor(13809.6113, device='cuda:0', grad_fn=<AddBackward0>)",38.15789473684211,26.996381578947364,5,6,"tensor(13809.6113, device='cuda:0', grad_fn=<AddBackward0>)",45.23684210526316,27.944507101086046,5,6,"tensor(13809.6113, device='cuda:0', grad_fn=<AddBackward0>)",52.5,28.449134887147913,2,6
20,"tensor(13686.5918, device='cuda:0', grad_fn=<AddBackward0>)",38.026315789473685,26.639583333333338,5,6,"tensor(13686.5918, device='cuda:0', grad_fn=<AddBackward0>)",45.381578947368425,27.628827276524643,5,6,"tensor(13686.5918, device='cuda:0', grad_fn=<AddBackward0>)",52.546052631578945,28.123633564153927,2,6
21,"tensor(13565.9678, device='cuda:0', grad_fn=<AddBackward0>)",38.19078947368421,26.79627192982456,5,6,"tensor(13565.9678, device='cuda:0', grad_fn=<AddBackward0>)",45.46052631578947,27.767791875522136,5,6,"tensor(13565.9678, device='cuda:0', grad_fn=<AddBackward0>)",52.36184210526316,28.246064254361773,2,6
22,"tensor(13446.2490, device='cuda:0', grad_fn=<AddBackward0>)",37.86184210526316,26.710745614035087,5,6,"tensor(13446.2490, device='cuda:0', grad_fn=<AddBackward0>)",45.19078947368421,27.699942564745193,5,6,"tensor(13446.2490, device='cuda:0', grad_fn=<AddBackward0>)",52.125,28.181017514556395,2,6
23,"tensor(13333.1689, device='cuda:0', grad_fn=<AddBackward0>)",37.848684210526315,26.624013157894737,5,6,"tensor(13333.1689, device='cuda:0', grad_fn=<AddBackward0>)",45.01315789473684,27.589632936507936,5,6,"tensor(13333.1689, device='cuda:0', grad_fn=<AddBackward0>)",52.03947368421053,28.080880067729552,2,6
24,"tensor(13218.8887, device='cuda:0', grad_fn=<AddBackward0>)",37.86184210526316,26.701315789473686,5,6,"tensor(13218.8887, device='cuda:0', grad_fn=<AddBackward0>)",44.743421052631575,27.624971282372602,5,6,"tensor(13218.8887, device='cuda:0', grad_fn=<AddBackward0>)",51.611842105263165,28.107813150398343,2,6
25,"tensor(13112.4883, device='cuda:0', grad_fn=<AddBackward0>)",37.55921052631579,26.346820175438594,5,6,"tensor(13112.4883, device='cuda:0', grad_fn=<AddBackward0>)",44.94078947368421,27.331210839598995,5,6,"tensor(13112.4883, device='cuda:0', grad_fn=<AddBackward0>)",51.703947368421055,27.800461955553,2,6
26,"tensor(13006.6660, device='cuda:0', grad_fn=<AddBackward0>)",37.203947368421055,26.201425438596495,5,6,"tensor(13006.6660, device='cuda:0', grad_fn=<AddBackward0>)",44.33552631578947,27.16588868003342,5,6,"tensor(13006.6660, device='cuda:0', grad_fn=<AddBackward0>)",51.40789473684211,27.65770098794123,2,6
27,"tensor(12901.6562, device='cuda:0', grad_fn=<AddBackward0>)",37.38815789473684,26.346929824561403,5,6,"tensor(12901.6562, device='cuda:0', grad_fn=<AddBackward0>)",44.66447368421053,27.33133876357561,5,6,"tensor(12901.6562, device='cuda:0', grad_fn=<AddBackward0>)",51.28289473684211,27.790246133979586,2,6
28,"tensor(12802.4590, device='cuda:0', grad_fn=<AddBackward0>)",37.375,26.414802631578947,5,6,"tensor(12802.4590, device='cuda:0', grad_fn=<AddBackward0>)",44.348684210526315,27.352519319131158,5,6,"tensor(12802.4590, device='cuda:0', grad_fn=<AddBackward0>)",51.098684210526315,27.82479427129526,2,6
29,"tensor(12705.5449, device='cuda:0', grad_fn=<AddBackward0>)",37.06578947368421,26.279166666666665,5,6,"tensor(12705.5449, device='cuda:0', grad_fn=<AddBackward0>)",44.046052631578945,27.224825083542186,5,6,"tensor(12705.5449, device='cuda:0', grad_fn=<AddBackward0>)",50.71710526315789,27.687126485338666,2,6
