File Name,Recall@20 Mean,MRR20 Mean
Nowplaying_results_beta0,21.14282536151279,7.519683770586927
Nowplaying_results_beta0.01,22.63885799035966,8.02102843594841
Nowplaying_results_beta0.02,22.464404894327036,8.072685822438023
Nowplaying_results_beta0.03,21.57890248424176,7.820330028635689
Nowplaying_results_beta0.05,19.335780496848354,7.011320758114224
RetailRocket_results_beta0,53.58771929824561,28.35400662149975
RetailRocket_results_beta0.01,55.38662280701755,28.82571837727489
RetailRocket_results_beta0.02,55.455921052631574,28.588357326205188
RetailRocket_results_beta0.03,55.0328947368421,27.99162486584924
RetailRocket_results_beta0.05,53.7388157894737,26.33435116049486
Tmall_results_beta0,30.424710424710426,13.846772582593568
Tmall_results_beta0.01,30.56100386100386,14.336871545712212
Tmall_results_beta0.02,30.90952380952381,14.724025963859557
Tmall_results_beta0.03,31.28056628056628,14.929432098772546
Tmall_results_beta0.05,31.62509652509653,15.197947230511915
diginetica_results_beta0,52.41412151067324,18.024038581254572
diginetica_results_beta0.01,52.568856048166396,17.929675250031302
diginetica_results_beta0.02,52.185933223864254,17.562091632980046
diginetica_results_beta0.03,51.19797482211275,16.97988786492081
diginetica_results_beta0.05,48.86119321291735,15.5072743597846
