Epoch,Train Loss,Recall@5,MRR5,Best Epoch for Recall@5,Best Epoch for MRR5,Train Loss,Recall@10,MRR10,Best Epoch for Recall@10,Best Epoch for MRR10,Train Loss,Recall@20,MRR20,Best Epoch for Recall@20,Best Epoch for MRR20
0,"tensor(36104.2227, device='cuda:0', grad_fn=<AddBackward0>)",37.88815789473684,26.080811403508775,0,0,"tensor(36104.2227, device='cuda:0', grad_fn=<AddBackward0>)",44.993421052631575,27.035750835421897,0,0,"tensor(36104.2227, device='cuda:0', grad_fn=<AddBackward0>)",52.21052631578947,27.53921530523163,0,0
1,"tensor(32388.4609, device='cuda:0', grad_fn=<AddBackward0>)",38.723684210526315,26.3952850877193,1,1,"tensor(32388.4609, device='cuda:0', grad_fn=<AddBackward0>)",46.421052631578945,27.43040152464495,1,1,"tensor(32388.4609, device='cuda:0', grad_fn=<AddBackward0>)",54.046052631578945,27.95342943268665,1,1
2,"tensor(31660.4375, device='cuda:0', grad_fn=<AddBackward0>)",39.05921052631579,26.372368421052634,2,1,"tensor(31660.4375, device='cuda:0', grad_fn=<AddBackward0>)",46.756578947368425,27.402091165413534,2,1,"tensor(31660.4375, device='cuda:0', grad_fn=<AddBackward0>)",54.61842105263158,27.948694369333527,2,1
3,"tensor(31242.8730, device='cuda:0', grad_fn=<AddBackward0>)",39.098684210526315,26.449013157894736,3,3,"tensor(31242.8730, device='cuda:0', grad_fn=<AddBackward0>)",46.76973684210527,27.477495822890557,3,3,"tensor(31242.8730, device='cuda:0', grad_fn=<AddBackward0>)",54.881578947368425,28.048454954776496,3,3
4,"tensor(30975.0918, device='cuda:0', grad_fn=<AddBackward0>)",39.43421052631579,26.62752192982456,4,4,"tensor(30975.0918, device='cuda:0', grad_fn=<AddBackward0>)",47.24342105263158,27.665980054302423,4,4,"tensor(30975.0918, device='cuda:0', grad_fn=<AddBackward0>)",55.10526315789473,28.21169525592136,4,4
5,"tensor(30801.4863, device='cuda:0', grad_fn=<AddBackward0>)",39.19078947368421,26.569956140350882,4,4,"tensor(30801.4863, device='cuda:0', grad_fn=<AddBackward0>)",47.29605263157895,27.657954782790306,5,4,"tensor(30801.4863, device='cuda:0', grad_fn=<AddBackward0>)",55.14473684210527,28.20059032164448,5,4
6,"tensor(30664.9824, device='cuda:0', grad_fn=<AddBackward0>)",39.19078947368421,26.346820175438594,4,4,"tensor(30664.9824, device='cuda:0', grad_fn=<AddBackward0>)",47.46710526315789,27.457325605680865,6,4,"tensor(30664.9824, device='cuda:0', grad_fn=<AddBackward0>)",55.21052631578948,27.99403986493948,6,4
7,"tensor(30547.5605, device='cuda:0', grad_fn=<AddBackward0>)",39.28947368421053,26.26260964912281,4,4,"tensor(30547.5605, device='cuda:0', grad_fn=<AddBackward0>)",47.526315789473685,27.359484649122805,7,4,"tensor(30547.5605, device='cuda:0', grad_fn=<AddBackward0>)",55.2828947368421,27.8954923317216,7,4
8,"tensor(30385.9727, device='cuda:0', grad_fn=<AddBackward0>)",39.348684210526315,26.315460526315793,4,4,"tensor(30385.9727, device='cuda:0', grad_fn=<AddBackward0>)",47.51315789473684,27.413891499582288,7,4,"tensor(30385.9727, device='cuda:0', grad_fn=<AddBackward0>)",55.276315789473685,27.95459733383164,7,4
9,"tensor(30315.2012, device='cuda:0', grad_fn=<AddBackward0>)",39.26973684210526,26.287719298245616,4,4,"tensor(30315.2012, device='cuda:0', grad_fn=<AddBackward0>)",47.66447368421053,27.409790100250632,9,4,"tensor(30315.2012, device='cuda:0', grad_fn=<AddBackward0>)",55.453947368421055,27.949195820434564,9,4
10,"tensor(30239.1270, device='cuda:0', grad_fn=<AddBackward0>)",39.203947368421055,26.556359649122808,4,4,"tensor(30239.1270, device='cuda:0', grad_fn=<AddBackward0>)",47.24342105263158,27.632852965747702,9,4,"tensor(30239.1270, device='cuda:0', grad_fn=<AddBackward0>)",55.03947368421053,28.175857077631917,9,4
11,"tensor(30169.6445, device='cuda:0', grad_fn=<AddBackward0>)",39.348684210526315,26.377192982456137,4,4,"tensor(30169.6445, device='cuda:0', grad_fn=<AddBackward0>)",47.57236842105263,27.469768170426068,9,4,"tensor(30169.6445, device='cuda:0', grad_fn=<AddBackward0>)",55.07236842105263,27.987430068669628,9,4
12,"tensor(30126.1914, device='cuda:0', grad_fn=<AddBackward0>)",39.151315789473685,26.123355263157894,4,4,"tensor(30126.1914, device='cuda:0', grad_fn=<AddBackward0>)",47.3421052631579,27.218173036758557,9,4,"tensor(30126.1914, device='cuda:0', grad_fn=<AddBackward0>)",55.368421052631575,27.771015417059896,9,4
13,"tensor(30059.9141, device='cuda:0', grad_fn=<AddBackward0>)",39.328947368421055,26.527631578947368,4,4,"tensor(30059.9141, device='cuda:0', grad_fn=<AddBackward0>)",47.506578947368425,27.61615758145364,9,4,"tensor(30059.9141, device='cuda:0', grad_fn=<AddBackward0>)",55.07236842105263,28.13994143168312,9,4
14,"tensor(30003.9941, device='cuda:0', grad_fn=<AddBackward0>)",39.14473684210527,26.17072368421052,4,4,"tensor(30003.9941, device='cuda:0', grad_fn=<AddBackward0>)",47.23684210526316,27.252613304093565,9,4,"tensor(30003.9941, device='cuda:0', grad_fn=<AddBackward0>)",55.19736842105263,27.809982857558268,9,4
15,"tensor(29971.0820, device='cuda:0', grad_fn=<AddBackward0>)",39.25657894736842,26.427521929824564,4,4,"tensor(29971.0820, device='cuda:0', grad_fn=<AddBackward0>)",47.4078947368421,27.517222744360904,9,4,"tensor(29971.0820, device='cuda:0', grad_fn=<AddBackward0>)",55.0921052631579,28.05039471919029,9,4
16,"tensor(29911.7715, device='cuda:0', grad_fn=<AddBackward0>)",39.26315789473684,26.388048245614034,4,4,"tensor(29911.7715, device='cuda:0', grad_fn=<AddBackward0>)",47.3421052631579,27.470637531328318,9,4,"tensor(29911.7715, device='cuda:0', grad_fn=<AddBackward0>)",55.184210526315795,28.015475450575305,9,4
17,"tensor(29872.3730, device='cuda:0', grad_fn=<AddBackward0>)",39.328947368421055,26.478399122807016,4,4,"tensor(29872.3730, device='cuda:0', grad_fn=<AddBackward0>)",47.48026315789474,27.567804928989144,9,4,"tensor(29872.3730, device='cuda:0', grad_fn=<AddBackward0>)",55.059210526315795,28.090304608362597,9,4
18,"tensor(29826.6680, device='cuda:0', grad_fn=<AddBackward0>)",38.91447368421053,25.965570175438597,4,4,"tensor(29826.6680, device='cuda:0', grad_fn=<AddBackward0>)",47.24342105263158,27.0828895154553,9,4,"tensor(29826.6680, device='cuda:0', grad_fn=<AddBackward0>)",55.14473684210527,27.634326656276254,9,4
19,"tensor(29814.6445, device='cuda:0', grad_fn=<AddBackward0>)",39.19736842105263,26.438815789473686,4,4,"tensor(29814.6445, device='cuda:0', grad_fn=<AddBackward0>)",47.368421052631575,27.527994465329993,9,4,"tensor(29814.6445, device='cuda:0', grad_fn=<AddBackward0>)",55.07236842105263,28.062940172126005,9,4
20,"tensor(29831.3340, device='cuda:0', grad_fn=<AddBackward0>)",39.26973684210526,26.595175438596492,4,4,"tensor(29831.3340, device='cuda:0', grad_fn=<AddBackward0>)",47.256578947368425,27.669410505430243,9,20,"tensor(29831.3340, device='cuda:0', grad_fn=<AddBackward0>)",55.11184210526315,28.214686367944015,9,20
21,"tensor(29750.1582, device='cuda:0', grad_fn=<AddBackward0>)",39.2828947368421,26.394517543859646,4,4,"tensor(29750.1582, device='cuda:0', grad_fn=<AddBackward0>)",47.43421052631579,27.481312656641606,9,20,"tensor(29750.1582, device='cuda:0', grad_fn=<AddBackward0>)",55.25657894736842,28.02279775633384,9,20
22,"tensor(29697.0840, device='cuda:0', grad_fn=<AddBackward0>)",39.223684210526315,26.448574561403504,4,4,"tensor(29697.0840, device='cuda:0', grad_fn=<AddBackward0>)",47.401315789473685,27.54326963241437,9,20,"tensor(29697.0840, device='cuda:0', grad_fn=<AddBackward0>)",55.35526315789474,28.087941652521252,9,20
23,"tensor(29705.7598, device='cuda:0', grad_fn=<AddBackward0>)",38.875,26.232565789473682,4,4,"tensor(29705.7598, device='cuda:0', grad_fn=<AddBackward0>)",47.33552631578947,27.36139567669173,9,20,"tensor(29705.7598, device='cuda:0', grad_fn=<AddBackward0>)",55.203947368421055,27.905172604805212,9,20
24,"tensor(29675.6152, device='cuda:0', grad_fn=<AddBackward0>)",39.01973684210526,26.539802631578947,4,4,"tensor(29675.6152, device='cuda:0', grad_fn=<AddBackward0>)",47.151315789473685,27.63357873851295,9,20,"tensor(29675.6152, device='cuda:0', grad_fn=<AddBackward0>)",55.203947368421055,28.18775314659857,9,20
25,"tensor(29683.4043, device='cuda:0', grad_fn=<AddBackward0>)",39.131578947368425,26.23717105263158,4,4,"tensor(29683.4043, device='cuda:0', grad_fn=<AddBackward0>)",47.506578947368425,27.355049081035926,9,20,"tensor(29683.4043, device='cuda:0', grad_fn=<AddBackward0>)",55.33552631578947,27.892445579384184,9,20
26,"tensor(29615.6797, device='cuda:0', grad_fn=<AddBackward0>)",38.96052631578947,26.15219298245614,4,4,"tensor(29615.6797, device='cuda:0', grad_fn=<AddBackward0>)",47.33552631578947,27.26894058061821,9,20,"tensor(29615.6797, device='cuda:0', grad_fn=<AddBackward0>)",55.26973684210527,27.813904353300632,9,20
27,"tensor(29590.1445, device='cuda:0', grad_fn=<AddBackward0>)",39.2828947368421,26.553508771929828,4,4,"tensor(29590.1445, device='cuda:0', grad_fn=<AddBackward0>)",47.1578947368421,27.606498015873015,9,20,"tensor(29590.1445, device='cuda:0', grad_fn=<AddBackward0>)",55.0921052631579,28.15286808471411,9,20
28,"tensor(29588.2031, device='cuda:0', grad_fn=<AddBackward0>)",39.01973684210526,26.31019736842105,4,4,"tensor(29588.2031, device='cuda:0', grad_fn=<AddBackward0>)",47.256578947368425,27.420564431913114,9,20,"tensor(29588.2031, device='cuda:0', grad_fn=<AddBackward0>)",55.39473684210526,27.980726297470028,9,20
29,"tensor(29568.2207, device='cuda:0', grad_fn=<AddBackward0>)",39.026315789473685,26.405153508771928,4,4,"tensor(29568.2207, device='cuda:0', grad_fn=<AddBackward0>)",47.256578947368425,27.505670426065166,9,20,"tensor(29568.2207, device='cuda:0', grad_fn=<AddBackward0>)",55.23026315789473,28.057376682750697,9,20
