Epoch,Train Loss,Recall@5,MRR5,Best Epoch for Recall@5,Best Epoch for MRR5,Train Loss,Recall@10,MRR10,Best Epoch for Recall@10,Best Epoch for MRR10,Train Loss,Recall@20,MRR20,Best Epoch for Recall@20,Best Epoch for MRR20
0,"tensor(30191.6289, device='cuda:1', grad_fn=<AddBackward0>)",22.81081081081081,15.222972972972975,0,0,"tensor(30191.6289, device='cuda:1', grad_fn=<AddBackward0>)",28.077220077220076,15.92999785499786,0,0,"tensor(30191.6289, device='cuda:1', grad_fn=<AddBackward0>)",33.227799227799224,16.287797866131566,0,0
1,"tensor(25946.2988, device='cuda:1', grad_fn=<AddBackward0>)",23.115830115830114,15.414800514800515,1,1,"tensor(25946.2988, device='cuda:1', grad_fn=<AddBackward0>)",28.803088803088805,16.178166942452656,1,1,"tensor(25946.2988, device='cuda:1', grad_fn=<AddBackward0>)",34.45945945945946,16.57399256104475,1,1
2,"tensor(24229.2637, device='cuda:1', grad_fn=<AddBackward0>)",23.386100386100388,15.407528957528957,2,1,"tensor(24229.2637, device='cuda:1', grad_fn=<AddBackward0>)",29.277992277992276,16.192311699454557,2,2,"tensor(24229.2637, device='cuda:1', grad_fn=<AddBackward0>)",35.115830115830114,16.596232692014425,2,2
3,"tensor(23156.5762, device='cuda:1', grad_fn=<AddBackward0>)",23.776061776061777,15.698519948519948,3,3,"tensor(23156.5762, device='cuda:1', grad_fn=<AddBackward0>)",29.135135135135137,16.417723846295274,2,3,"tensor(23156.5762, device='cuda:1', grad_fn=<AddBackward0>)",35.08880308880309,16.83164150343496,2,3
4,"tensor(22440.4590, device='cuda:1', grad_fn=<AddBackward0>)",23.36679536679537,15.64877734877735,3,3,"tensor(22440.4590, device='cuda:1', grad_fn=<AddBackward0>)",29.305019305019304,16.441046148189002,4,4,"tensor(22440.4590, device='cuda:1', grad_fn=<AddBackward0>)",35.08880308880309,16.845681772528305,2,4
5,"tensor(21883.5137, device='cuda:1', grad_fn=<AddBackward0>)",23.482625482625483,15.482432432432432,3,3,"tensor(21883.5137, device='cuda:1', grad_fn=<AddBackward0>)",29.196911196911195,16.25661886376172,4,4,"tensor(21883.5137, device='cuda:1', grad_fn=<AddBackward0>)",35.37837837837838,16.686114424167275,5,4
6,"tensor(21460.3301, device='cuda:1', grad_fn=<AddBackward0>)",23.27027027027027,15.357078507078509,3,3,"tensor(21460.3301, device='cuda:1', grad_fn=<AddBackward0>)",29.254826254826256,16.16156156156156,4,4,"tensor(21460.3301, device='cuda:1', grad_fn=<AddBackward0>)",34.93822393822394,16.55808141226098,5,4
7,"tensor(21079.8242, device='cuda:1', grad_fn=<AddBackward0>)",22.953667953667953,15.229407979407977,3,3,"tensor(21079.8242, device='cuda:1', grad_fn=<AddBackward0>)",28.791505791505788,16.00901207329779,4,4,"tensor(21079.8242, device='cuda:1', grad_fn=<AddBackward0>)",34.389961389961385,16.399697084747945,5,4
8,"tensor(20735.7500, device='cuda:1', grad_fn=<AddBackward0>)",22.718146718146716,14.884749034749035,3,3,"tensor(20735.7500, device='cuda:1', grad_fn=<AddBackward0>)",28.38996138996139,15.64049457620886,4,4,"tensor(20735.7500, device='cuda:1', grad_fn=<AddBackward0>)",34.115830115830114,16.03630838364916,5,4
9,"tensor(20430.7930, device='cuda:1', grad_fn=<AddBackward0>)",22.374517374517374,14.625868725868724,3,3,"tensor(20430.7930, device='cuda:1', grad_fn=<AddBackward0>)",28.000000000000004,15.372387693816265,4,4,"tensor(20430.7930, device='cuda:1', grad_fn=<AddBackward0>)",33.61389961389961,15.758982804576569,5,4
10,"tensor(20136.5273, device='cuda:1', grad_fn=<AddBackward0>)",21.99227799227799,14.336100386100387,3,3,"tensor(20136.5273, device='cuda:1', grad_fn=<AddBackward0>)",27.633204633204635,15.093453147024574,4,4,"tensor(20136.5273, device='cuda:1', grad_fn=<AddBackward0>)",33.22007722007722,15.47886431763035,5,4
11,"tensor(19870.4355, device='cuda:1', grad_fn=<AddBackward0>)",21.787644787644787,14.034620334620337,3,3,"tensor(19870.4355, device='cuda:1', grad_fn=<AddBackward0>)",27.262548262548265,14.773113930256788,4,4,"tensor(19870.4355, device='cuda:1', grad_fn=<AddBackward0>)",32.71042471042471,15.149860501983456,5,4
12,"tensor(19592.7422, device='cuda:1', grad_fn=<AddBackward0>)",21.37065637065637,13.868725868725868,3,3,"tensor(19592.7422, device='cuda:1', grad_fn=<AddBackward0>)",26.83011583011583,14.596243181957469,4,4,"tensor(19592.7422, device='cuda:1', grad_fn=<AddBackward0>)",32.054054054054056,14.961629283992178,5,4
13,"tensor(19342.6445, device='cuda:1', grad_fn=<AddBackward0>)",20.915057915057915,13.640283140283138,3,3,"tensor(19342.6445, device='cuda:1', grad_fn=<AddBackward0>)",26.254826254826252,14.34890451676166,4,4,"tensor(19342.6445, device='cuda:1', grad_fn=<AddBackward0>)",31.405405405405407,14.70913796591594,5,4
14,"tensor(19069.4277, device='cuda:1', grad_fn=<AddBackward0>)",20.62162162162162,13.457657657657657,3,3,"tensor(19069.4277, device='cuda:1', grad_fn=<AddBackward0>)",25.91119691119691,14.16483422197708,4,4,"tensor(19069.4277, device='cuda:1', grad_fn=<AddBackward0>)",31.270270270270274,14.539941410021024,5,4
15,"tensor(18846.3418, device='cuda:1', grad_fn=<AddBackward0>)",20.36293436293436,13.354826254826255,3,3,"tensor(18846.3418, device='cuda:1', grad_fn=<AddBackward0>)",25.640926640926644,14.057404853833425,4,4,"tensor(18846.3418, device='cuda:1', grad_fn=<AddBackward0>)",30.776061776061773,14.415169145609216,5,4
16,"tensor(18609.2246, device='cuda:1', grad_fn=<AddBackward0>)",20.142857142857142,13.159137709137708,3,3,"tensor(18609.2246, device='cuda:1', grad_fn=<AddBackward0>)",25.316602316602317,13.852609241894957,4,4,"tensor(18609.2246, device='cuda:1', grad_fn=<AddBackward0>)",30.48262548262548,14.20963885534319,5,4
17,"tensor(18406.7754, device='cuda:1', grad_fn=<AddBackward0>)",19.992277992277995,13.05707850707851,3,3,"tensor(18406.7754, device='cuda:1', grad_fn=<AddBackward0>)",25.003861003861005,13.720585892014464,4,4,"tensor(18406.7754, device='cuda:1', grad_fn=<AddBackward0>)",30.150579150579148,14.077912196819762,5,4
18,"tensor(18221.0508, device='cuda:1', grad_fn=<AddBackward0>)",19.725868725868725,12.777091377091379,3,3,"tensor(18221.0508, device='cuda:1', grad_fn=<AddBackward0>)",24.613899613899616,13.430978427406998,4,4,"tensor(18221.0508, device='cuda:1', grad_fn=<AddBackward0>)",29.517374517374517,13.771739123635406,5,4
19,"tensor(18036.1250, device='cuda:1', grad_fn=<AddBackward0>)",19.590733590733592,12.664736164736162,3,3,"tensor(18036.1250, device='cuda:1', grad_fn=<AddBackward0>)",24.424710424710426,13.306805785377215,4,4,"tensor(18036.1250, device='cuda:1', grad_fn=<AddBackward0>)",29.50965250965251,13.659596723860323,5,4
20,"tensor(17852.9785, device='cuda:1', grad_fn=<AddBackward0>)",19.142857142857142,12.36293436293436,3,3,"tensor(17852.9785, device='cuda:1', grad_fn=<AddBackward0>)",24.030888030888033,13.016801495372924,4,4,"tensor(17852.9785, device='cuda:1', grad_fn=<AddBackward0>)",29.20849420849421,13.376163926893694,5,4
21,"tensor(17708.2324, device='cuda:1', grad_fn=<AddBackward0>)",18.826254826254825,12.2006435006435,3,3,"tensor(17708.2324, device='cuda:1', grad_fn=<AddBackward0>)",23.7027027027027,12.855659741374026,4,4,"tensor(17708.2324, device='cuda:1', grad_fn=<AddBackward0>)",28.795366795366796,13.211067399601234,5,4
22,"tensor(17593.4590, device='cuda:1', grad_fn=<AddBackward0>)",18.57915057915058,11.98989703989704,3,3,"tensor(17593.4590, device='cuda:1', grad_fn=<AddBackward0>)",23.505791505791507,12.647344793773366,4,4,"tensor(17593.4590, device='cuda:1', grad_fn=<AddBackward0>)",28.386100386100388,12.9901645071979,5,4
23,"tensor(17452.6250, device='cuda:1', grad_fn=<AddBackward0>)",18.135135135135137,11.822586872586873,3,3,"tensor(17452.6250, device='cuda:1', grad_fn=<AddBackward0>)",23.046332046332047,12.474403995832567,4,4,"tensor(17452.6250, device='cuda:1', grad_fn=<AddBackward0>)",27.965250965250966,12.814036650961683,5,4
24,"tensor(17327.3105, device='cuda:1', grad_fn=<AddBackward0>)",18.173745173745175,11.733783783783784,3,3,"tensor(17327.3105, device='cuda:1', grad_fn=<AddBackward0>)",23.027027027027028,12.381703131703132,4,4,"tensor(17327.3105, device='cuda:1', grad_fn=<AddBackward0>)",27.98069498069498,12.722959221156922,5,4
25,"tensor(17242.0781, device='cuda:1', grad_fn=<AddBackward0>)",17.8996138996139,11.359009009009007,3,3,"tensor(17242.0781, device='cuda:1', grad_fn=<AddBackward0>)",22.702702702702705,12.002587791873507,4,4,"tensor(17242.0781, device='cuda:1', grad_fn=<AddBackward0>)",27.536679536679536,12.337867191162193,5,4
26,"tensor(17120.5039, device='cuda:1', grad_fn=<AddBackward0>)",17.745173745173744,11.296267696267694,3,3,"tensor(17120.5039, device='cuda:1', grad_fn=<AddBackward0>)",22.35135135135135,11.90541613041613,4,4,"tensor(17120.5039, device='cuda:1', grad_fn=<AddBackward0>)",27.06949806949807,12.231042578493929,5,4
27,"tensor(17020.8340, device='cuda:1', grad_fn=<AddBackward0>)",17.6988416988417,11.297812097812097,3,3,"tensor(17020.8340, device='cuda:1', grad_fn=<AddBackward0>)",22.428571428571427,11.927541827541827,4,4,"tensor(17020.8340, device='cuda:1', grad_fn=<AddBackward0>)",27.17374517374517,12.258158315732397,5,4
28,"tensor(16929.6211, device='cuda:1', grad_fn=<AddBackward0>)",17.594594594594597,11.155984555984556,3,3,"tensor(16929.6211, device='cuda:1', grad_fn=<AddBackward0>)",22.07335907335907,11.752186370043512,4,4,"tensor(16929.6211, device='cuda:1', grad_fn=<AddBackward0>)",26.91119691119691,12.087233704156526,5,4
29,"tensor(16836.7773, device='cuda:1', grad_fn=<AddBackward0>)",17.312741312741313,10.917438867438866,3,3,"tensor(16836.7773, device='cuda:1', grad_fn=<AddBackward0>)",21.972972972972972,11.53981123981124,4,4,"tensor(16836.7773, device='cuda:1', grad_fn=<AddBackward0>)",26.81081081081081,11.877482909576011,5,4
