Epoch,Train Loss,Recall@5,MRR5,Best Epoch for Recall@5,Best Epoch for MRR5,Train Loss,Recall@10,MRR10,Best Epoch for Recall@10,Best Epoch for MRR10,Train Loss,Recall@20,MRR20,Best Epoch for Recall@20,Best Epoch for MRR20
0,"tensor(75753.8125, device='cuda:0', grad_fn=<AddBackward0>)",10.808676307007786,6.376418242491658,0,0,"tensor(75753.8125, device='cuda:0', grad_fn=<AddBackward0>)",15.648498331479422,7.0204380528629695,0,0,"tensor(75753.8125, device='cuda:0', grad_fn=<AddBackward0>)",21.03448275862069,7.392590063597754,0,0
1,"tensor(65920.9219, device='cuda:0', grad_fn=<AddBackward0>)",11.777530589543938,6.8670559881349655,1,1,"tensor(65920.9219, device='cuda:0', grad_fn=<AddBackward0>)",16.624026696329256,7.511368010311278,1,1,"tensor(65920.9219, device='cuda:0', grad_fn=<AddBackward0>)",22.146829810901,7.892821204976695,1,1
2,"tensor(63678.2344, device='cuda:0', grad_fn=<AddBackward0>)",11.993325917686319,6.910845383759733,2,2,"tensor(63678.2344, device='cuda:0', grad_fn=<AddBackward0>)",16.907675194660733,7.5664450800713325,2,2,"tensor(63678.2344, device='cuda:0', grad_fn=<AddBackward0>)",22.439377085650722,7.948751353233026,2,2
3,"tensor(62391.9219, device='cuda:0', grad_fn=<AddBackward0>)",12.03781979977753,6.955784204671856,3,3,"tensor(62391.9219, device='cuda:0', grad_fn=<AddBackward0>)",17.081201334816463,7.6288782068259255,3,3,"tensor(62391.9219, device='cuda:0', grad_fn=<AddBackward0>)",22.629588431590655,8.012452863336716,3,3
4,"tensor(61525.2461, device='cuda:0', grad_fn=<AddBackward0>)",12.173526140155728,7.005209492028179,4,4,"tensor(61525.2461, device='cuda:0', grad_fn=<AddBackward0>)",17.15016685205784,7.667756943340925,4,4,"tensor(61525.2461, device='cuda:0', grad_fn=<AddBackward0>)",22.744160177975527,8.05416954462695,4,4
5,"tensor(60906.1016, device='cuda:0', grad_fn=<AddBackward0>)",12.450500556173525,7.112977382276603,5,5,"tensor(60906.1016, device='cuda:0', grad_fn=<AddBackward0>)",17.382647385984427,7.769711496018504,5,5,"tensor(60906.1016, device='cuda:0', grad_fn=<AddBackward0>)",23.10456062291435,8.163483244782729,5,5
6,"tensor(60390.3047, device='cuda:0', grad_fn=<AddBackward0>)",12.391546162402669,7.09349276974416,5,5,"tensor(60390.3047, device='cuda:0', grad_fn=<AddBackward0>)",17.380422691879865,7.75550876635415,5,5,"tensor(60390.3047, device='cuda:0', grad_fn=<AddBackward0>)",23.07230255839822,8.148338179653676,5,5
7,"tensor(59973.3711, device='cuda:0', grad_fn=<AddBackward0>)",12.278086763070078,7.012569521690769,5,5,"tensor(59973.3711, device='cuda:0', grad_fn=<AddBackward0>)",17.307007786429367,7.680446086480569,5,5,"tensor(59973.3711, device='cuda:0', grad_fn=<AddBackward0>)",23.058954393770854,8.077522570388268,5,5
8,"tensor(59577.7383, device='cuda:0', grad_fn=<AddBackward0>)",12.42825361512792,7.093344456803856,5,5,"tensor(59577.7383, device='cuda:0', grad_fn=<AddBackward0>)",17.378197997775306,7.754003125165528,5,5,"tensor(59577.7383, device='cuda:0', grad_fn=<AddBackward0>)",23.14349276974416,8.15086575484145,8,5
9,"tensor(59266.5078, device='cuda:0', grad_fn=<AddBackward0>)",12.43047830923248,7.110344827586205,5,5,"tensor(59266.5078, device='cuda:0', grad_fn=<AddBackward0>)",17.423804226918797,7.775580450941964,9,9,"tensor(59266.5078, device='cuda:0', grad_fn=<AddBackward0>)",22.99666295884316,8.15826584172648,8,5
10,"tensor(58999.4766, device='cuda:0', grad_fn=<AddBackward0>)",12.363737486095662,7.117964404894327,5,10,"tensor(58999.4766, device='cuda:0', grad_fn=<AddBackward0>)",17.25139043381535,7.7669875699630975,9,9,"tensor(58999.4766, device='cuda:0', grad_fn=<AddBackward0>)",22.977753058954395,8.161871125184593,8,5
11,"tensor(58747.2148, device='cuda:0', grad_fn=<AddBackward0>)",12.333704115684094,7.051446051167964,5,10,"tensor(58747.2148, device='cuda:0', grad_fn=<AddBackward0>)",17.28921023359288,7.710418542648799,9,9,"tensor(58747.2148, device='cuda:0', grad_fn=<AddBackward0>)",22.975528364849833,8.10326386344003,8,5
12,"tensor(58534.6250, device='cuda:0', grad_fn=<AddBackward0>)",12.309232480533927,7.0577122728958095,5,10,"tensor(58534.6250, device='cuda:0', grad_fn=<AddBackward0>)",17.347052280311456,7.725880166675493,9,9,"tensor(58534.6250, device='cuda:0', grad_fn=<AddBackward0>)",22.884315906562847,8.108108481092309,8,5
13,"tensor(58299.3125, device='cuda:0', grad_fn=<AddBackward0>)",12.172413793103448,6.994568038561365,5,10,"tensor(58299.3125, device='cuda:0', grad_fn=<AddBackward0>)",17.21579532814238,7.666303388244435,9,9,"tensor(58299.3125, device='cuda:0', grad_fn=<AddBackward0>)",22.847608453837598,8.053370015856455,8,5
14,"tensor(58104.5938, device='cuda:0', grad_fn=<AddBackward0>)",12.258064516129032,7.112588060808306,5,10,"tensor(58104.5938, device='cuda:0', grad_fn=<AddBackward0>)",17.269187986651836,7.779264438441302,9,14,"tensor(58104.5938, device='cuda:0', grad_fn=<AddBackward0>)",22.88765294771969,8.168608340113487,8,14
15,"tensor(57932.6055, device='cuda:0', grad_fn=<AddBackward0>)",12.28476084538376,7.110252131998516,5,10,"tensor(57932.6055, device='cuda:0', grad_fn=<AddBackward0>)",17.21023359288098,7.762306884192312,9,14,"tensor(57932.6055, device='cuda:0', grad_fn=<AddBackward0>)",22.786429365962178,8.146517663384014,8,14
16,"tensor(57784.4570, device='cuda:0', grad_fn=<AddBackward0>)",12.180200222469411,7.01840934371524,5,10,"tensor(57784.4570, device='cuda:0', grad_fn=<AddBackward0>)",17.14571746384872,7.680029839151086,9,14,"tensor(57784.4570, device='cuda:0', grad_fn=<AddBackward0>)",22.774193548387096,8.06966882700007,8,14
17,"tensor(57614.3008, device='cuda:0', grad_fn=<AddBackward0>)",12.238042269187986,7.028513162773454,5,10,"tensor(57614.3008, device='cuda:0', grad_fn=<AddBackward0>)",17.17797552836485,7.681738086409943,9,14,"tensor(57614.3008, device='cuda:0', grad_fn=<AddBackward0>)",22.820912124582872,8.071215753709932,8,14
18,"tensor(57462.2031, device='cuda:0', grad_fn=<AddBackward0>)",12.146829810901002,6.976344086021505,5,10,"tensor(57462.2031, device='cuda:0', grad_fn=<AddBackward0>)",17.051167964404897,7.630434168476438,9,14,"tensor(57462.2031, device='cuda:0', grad_fn=<AddBackward0>)",22.656284760845384,8.016391463134319,8,14
19,"tensor(57398.8086, device='cuda:0', grad_fn=<AddBackward0>)",12.130144605116797,7.015943641082684,5,10,"tensor(57398.8086, device='cuda:0', grad_fn=<AddBackward0>)",17.050055617352612,7.669503151649983,9,14,"tensor(57398.8086, device='cuda:0', grad_fn=<AddBackward0>)",22.68409343715239,8.0577779403481,8,14
20,"tensor(57239.5977, device='cuda:0', grad_fn=<AddBackward0>)",12.14238042269188,7.0040971449759,5,10,"tensor(57239.5977, device='cuda:0', grad_fn=<AddBackward0>)",17.010011123470523,7.653033352755265,9,14,"tensor(57239.5977, device='cuda:0', grad_fn=<AddBackward0>)",22.61179087875417,8.038086083573459,8,14
21,"tensor(57078.2617, device='cuda:0', grad_fn=<AddBackward0>)",12.0678531701891,6.935780496848349,5,10,"tensor(57078.2617, device='cuda:0', grad_fn=<AddBackward0>)",16.989988876529477,7.590231209280153,9,14,"tensor(57078.2617, device='cuda:0', grad_fn=<AddBackward0>)",22.622914349276975,7.9782186330794245,8,14
22,"tensor(56951.8633, device='cuda:0', grad_fn=<AddBackward0>)",12.03893214682981,6.9305524657026325,5,10,"tensor(56951.8633, device='cuda:0', grad_fn=<AddBackward0>)",16.981090100111235,7.589675918569133,9,14,"tensor(56951.8633, device='cuda:0', grad_fn=<AddBackward0>)",22.58064516129032,7.975030565540747,8,14
23,"tensor(56888.3945, device='cuda:0', grad_fn=<AddBackward0>)",12.113459399332593,6.978976640711901,5,10,"tensor(56888.3945, device='cuda:0', grad_fn=<AddBackward0>)",16.973303670745274,7.624517982944012,9,14,"tensor(56888.3945, device='cuda:0', grad_fn=<AddBackward0>)",22.519466073414907,8.00579357055589,8,14
24,"tensor(56768.9062, device='cuda:0', grad_fn=<AddBackward0>)",12.0678531701891,6.918557656655544,5,10,"tensor(56768.9062, device='cuda:0', grad_fn=<AddBackward0>)",16.89877641824249,7.559805868954922,9,14,"tensor(56768.9062, device='cuda:0', grad_fn=<AddBackward0>)",22.407119021134594,7.9389462412525535,8,14
25,"tensor(56629.1055, device='cuda:0', grad_fn=<AddBackward0>)",12.153503893214683,6.982814238042269,5,10,"tensor(56629.1055, device='cuda:0', grad_fn=<AddBackward0>)",16.858731924360402,7.609235570386848,9,14,"tensor(56629.1055, device='cuda:0', grad_fn=<AddBackward0>)",22.43715239154616,7.992223570126994,8,14
26,"tensor(56578.8633, device='cuda:0', grad_fn=<AddBackward0>)",12.106785317018911,6.952817945865776,5,10,"tensor(56578.8633, device='cuda:0', grad_fn=<AddBackward0>)",16.829810901001114,7.58182636792203,9,14,"tensor(56578.8633, device='cuda:0', grad_fn=<AddBackward0>)",22.369299221357064,7.963309123887527,8,14
27,"tensor(56455.7930, device='cuda:0', grad_fn=<AddBackward0>)",12.00778642936596,6.913607712272894,5,10,"tensor(56455.7930, device='cuda:0', grad_fn=<AddBackward0>)",16.731924360400445,7.542542860674116,9,14,"tensor(56455.7930, device='cuda:0', grad_fn=<AddBackward0>)",22.30923248053393,7.925679206114425,8,14
28,"tensor(56422.3398, device='cuda:0', grad_fn=<AddBackward0>)",12.030033370411568,6.933685576566555,5,10,"tensor(56422.3398, device='cuda:0', grad_fn=<AddBackward0>)",16.764182424916573,7.56332388721154,9,14,"tensor(56422.3398, device='cuda:0', grad_fn=<AddBackward0>)",22.38487208008899,7.9488734790096895,8,14
29,"tensor(56315.4336, device='cuda:0', grad_fn=<AddBackward0>)",12.03337041156841,6.902669632925473,5,10,"tensor(56315.4336, device='cuda:0', grad_fn=<AddBackward0>)",16.715239154616242,7.527427300174796,9,14,"tensor(56315.4336, device='cuda:0', grad_fn=<AddBackward0>)",22.258064516129032,7.908638510884557,8,14
