Epoch,Train Loss,Recall@5,MRR5,Best Epoch for Recall@5,Best Epoch for MRR5,Train Loss,Recall@10,MRR10,Best Epoch for Recall@10,Best Epoch for MRR10,Train Loss,Recall@20,MRR20,Best Epoch for Recall@20,Best Epoch for MRR20
0,"tensor(26749.7734, device='cuda:0', grad_fn=<AddBackward0>)",38.42763157894737,25.890570175438597,0,0,"tensor(26749.7734, device='cuda:0', grad_fn=<AddBackward0>)",46.03947368421053,26.91222326649958,0,0,"tensor(26749.7734, device='cuda:0', grad_fn=<AddBackward0>)",53.98026315789474,27.463506676711162,0,0
1,"tensor(22851.8984, device='cuda:0', grad_fn=<AddBackward0>)",39.809210526315795,26.73486842105263,1,1,"tensor(22851.8984, device='cuda:0', grad_fn=<AddBackward0>)",47.796052631578945,27.810719507101084,1,1,"tensor(22851.8984, device='cuda:0', grad_fn=<AddBackward0>)",55.65789473684211,28.359139534294076,1,1
2,"tensor(22041.7793, device='cuda:0', grad_fn=<AddBackward0>)",40.026315789473685,26.82171052631579,2,2,"tensor(22041.7793, device='cuda:0', grad_fn=<AddBackward0>)",48.171052631578945,27.90973527568922,2,2,"tensor(22041.7793, device='cuda:0', grad_fn=<AddBackward0>)",56.14473684210526,28.461926313422108,2,2
3,"tensor(21572.4277, device='cuda:0', grad_fn=<AddBackward0>)",40.29605263157895,27.039583333333333,3,3,"tensor(21572.4277, device='cuda:0', grad_fn=<AddBackward0>)",48.33552631578947,28.11694340016708,3,3,"tensor(21572.4277, device='cuda:0', grad_fn=<AddBackward0>)",56.263157894736835,28.667225859173772,3,3
4,"tensor(21256.1973, device='cuda:0', grad_fn=<AddBackward0>)",40.32236842105263,27.44331140350877,4,4,"tensor(21256.1973, device='cuda:0', grad_fn=<AddBackward0>)",48.05263157894737,28.478735902255636,3,4,"tensor(21256.1973, device='cuda:0', grad_fn=<AddBackward0>)",56.03289473684211,29.03155935719179,3,4
5,"tensor(21032.4551, device='cuda:0', grad_fn=<AddBackward0>)",40.29605263157895,27.40010964912281,4,4,"tensor(21032.4551, device='cuda:0', grad_fn=<AddBackward0>)",48.31578947368421,28.47320906432748,3,4,"tensor(21032.4551, device='cuda:0', grad_fn=<AddBackward0>)",56.38815789473684,29.03217937938078,5,5
6,"tensor(20840.5488, device='cuda:0', grad_fn=<AddBackward0>)",40.42763157894737,27.50504385964912,6,6,"tensor(20840.5488, device='cuda:0', grad_fn=<AddBackward0>)",48.203947368421055,28.544522765246448,3,6,"tensor(20840.5488, device='cuda:0', grad_fn=<AddBackward0>)",56.223684210526315,29.10120281589801,5,6
7,"tensor(20667.2266, device='cuda:0', grad_fn=<AddBackward0>)",40.36842105263158,27.570504385964917,6,7,"tensor(20667.2266, device='cuda:0', grad_fn=<AddBackward0>)",48.276315789473685,28.630827067669173,3,7,"tensor(20667.2266, device='cuda:0', grad_fn=<AddBackward0>)",56.19078947368421,29.17989711080339,5,7
8,"tensor(20543.9180, device='cuda:0', grad_fn=<AddBackward0>)",40.03289473684211,27.412719298245612,6,7,"tensor(20543.9180, device='cuda:0', grad_fn=<AddBackward0>)",48.25,28.509228801169588,3,7,"tensor(20543.9180, device='cuda:0', grad_fn=<AddBackward0>)",56.006578947368425,29.052419238047904,5,7
9,"tensor(20435.9023, device='cuda:0', grad_fn=<AddBackward0>)",40.078947368421055,27.652412280701753,6,9,"tensor(20435.9023, device='cuda:0', grad_fn=<AddBackward0>)",47.828947368421055,28.69610484544695,3,9,"tensor(20435.9023, device='cuda:0', grad_fn=<AddBackward0>)",55.76973684210527,29.246780055548843,5,9
10,"tensor(20328.5586, device='cuda:0', grad_fn=<AddBackward0>)",40.36842105263158,27.249451754385962,6,9,"tensor(20328.5586, device='cuda:0', grad_fn=<AddBackward0>)",48.473684210526315,28.332043650793654,10,9,"tensor(20328.5586, device='cuda:0', grad_fn=<AddBackward0>)",56.263157894736835,28.86866639733268,5,9
11,"tensor(20226.5859, device='cuda:0', grad_fn=<AddBackward0>)",40.125,27.61644736842105,6,9,"tensor(20226.5859, device='cuda:0', grad_fn=<AddBackward0>)",48.0,28.671360693400167,10,9,"tensor(20226.5859, device='cuda:0', grad_fn=<AddBackward0>)",55.828947368421055,29.21507218091054,5,9
12,"tensor(20155.6914, device='cuda:0', grad_fn=<AddBackward0>)",39.98684210526316,27.44473684210526,6,9,"tensor(20155.6914, device='cuda:0', grad_fn=<AddBackward0>)",47.93421052631579,28.51294381787803,10,9,"tensor(20155.6914, device='cuda:0', grad_fn=<AddBackward0>)",55.84210526315789,29.06669053072401,5,9
13,"tensor(20066.4414, device='cuda:0', grad_fn=<AddBackward0>)",39.973684210526315,27.51293859649123,6,9,"tensor(20066.4414, device='cuda:0', grad_fn=<AddBackward0>)",48.13157894736842,28.609560359231413,10,9,"tensor(20066.4414, device='cuda:0', grad_fn=<AddBackward0>)",55.763157894736835,29.137481077376126,5,9
14,"tensor(20000.3086, device='cuda:0', grad_fn=<AddBackward0>)",39.92763157894737,27.360964912280707,6,9,"tensor(20000.3086, device='cuda:0', grad_fn=<AddBackward0>)",48.07236842105263,28.450916353383455,10,9,"tensor(20000.3086, device='cuda:0', grad_fn=<AddBackward0>)",55.88815789473684,28.992402682485125,5,9
15,"tensor(19919.5566, device='cuda:0', grad_fn=<AddBackward0>)",39.82236842105264,27.41578947368421,6,9,"tensor(19919.5566, device='cuda:0', grad_fn=<AddBackward0>)",47.973684210526315,28.507503132832078,10,9,"tensor(19919.5566, device='cuda:0', grad_fn=<AddBackward0>)",55.35526315789474,29.022437745902234,5,9
16,"tensor(19846.0547, device='cuda:0', grad_fn=<AddBackward0>)",39.60526315789474,27.20767543859649,6,9,"tensor(19846.0547, device='cuda:0', grad_fn=<AddBackward0>)",47.756578947368425,28.303010129490392,10,9,"tensor(19846.0547, device='cuda:0', grad_fn=<AddBackward0>)",55.401315789473685,28.837355938293648,5,9
17,"tensor(19802.9727, device='cuda:0', grad_fn=<AddBackward0>)",39.71052631578947,27.395504385964912,6,9,"tensor(19802.9727, device='cuda:0', grad_fn=<AddBackward0>)",47.64473684210526,28.452362677527148,10,9,"tensor(19802.9727, device='cuda:0', grad_fn=<AddBackward0>)",55.32236842105264,28.986008435725825,5,9
18,"tensor(19745.2949, device='cuda:0', grad_fn=<AddBackward0>)",39.53947368421053,27.177192982456138,6,9,"tensor(19745.2949, device='cuda:0', grad_fn=<AddBackward0>)",47.55921052631579,28.245287698412696,10,9,"tensor(19745.2949, device='cuda:0', grad_fn=<AddBackward0>)",55.203947368421055,28.781698567447663,5,9
19,"tensor(19691.7852, device='cuda:0', grad_fn=<AddBackward0>)",39.41447368421053,27.30076754385965,6,9,"tensor(19691.7852, device='cuda:0', grad_fn=<AddBackward0>)",47.440789473684205,28.37921888053467,10,9,"tensor(19691.7852, device='cuda:0', grad_fn=<AddBackward0>)",55.07894736842105,28.91889744197468,5,9
20,"tensor(19616.4062, device='cuda:0', grad_fn=<AddBackward0>)",39.30263157894737,27.302631578947366,6,9,"tensor(19616.4062, device='cuda:0', grad_fn=<AddBackward0>)",47.38815789473684,28.383531746031743,10,9,"tensor(19616.4062, device='cuda:0', grad_fn=<AddBackward0>)",55.19736842105263,28.92727282304921,5,9
21,"tensor(19572.2637, device='cuda:0', grad_fn=<AddBackward0>)",39.526315789473685,27.154276315789478,6,9,"tensor(19572.2637, device='cuda:0', grad_fn=<AddBackward0>)",47.48026315789474,28.221031746031745,10,9,"tensor(19572.2637, device='cuda:0', grad_fn=<AddBackward0>)",55.2171052631579,28.763912333694496,5,9
22,"tensor(19531.7734, device='cuda:0', grad_fn=<AddBackward0>)",39.21052631578947,27.100328947368418,6,9,"tensor(19531.7734, device='cuda:0', grad_fn=<AddBackward0>)",47.23684210526316,28.17943556808688,10,9,"tensor(19531.7734, device='cuda:0', grad_fn=<AddBackward0>)",55.046052631578945,28.720273420368898,5,9
23,"tensor(19465.5000, device='cuda:0', grad_fn=<AddBackward0>)",39.18421052631579,27.209100877192988,6,9,"tensor(19465.5000, device='cuda:0', grad_fn=<AddBackward0>)",47.05263157894737,28.268666457811197,10,9,"tensor(19465.5000, device='cuda:0', grad_fn=<AddBackward0>)",54.736842105263165,28.801656579580186,5,9
24,"tensor(19426.1465, device='cuda:0', grad_fn=<AddBackward0>)",39.125,27.32554824561403,6,9,"tensor(19426.1465, device='cuda:0', grad_fn=<AddBackward0>)",46.875,28.359748329156226,10,9,"tensor(19426.1465, device='cuda:0', grad_fn=<AddBackward0>)",54.506578947368425,28.895181291305466,5,9
25,"tensor(19386.9414, device='cuda:0', grad_fn=<AddBackward0>)",38.98684210526316,27.16896929824561,6,9,"tensor(19386.9414, device='cuda:0', grad_fn=<AddBackward0>)",46.96710526315789,28.24265611946533,10,9,"tensor(19386.9414, device='cuda:0', grad_fn=<AddBackward0>)",54.71052631578948,28.778862015861716,5,9
26,"tensor(19339.7422, device='cuda:0', grad_fn=<AddBackward0>)",39.11842105263158,27.159539473684212,6,9,"tensor(19339.7422, device='cuda:0', grad_fn=<AddBackward0>)",46.85526315789474,28.19675490810359,10,9,"tensor(19339.7422, device='cuda:0', grad_fn=<AddBackward0>)",54.52631578947369,28.732830006239755,5,9
27,"tensor(19297.3281, device='cuda:0', grad_fn=<AddBackward0>)",39.14473684210527,27.126206140350877,6,9,"tensor(19297.3281, device='cuda:0', grad_fn=<AddBackward0>)",46.848684210526315,28.16225981620718,10,9,"tensor(19297.3281, device='cuda:0', grad_fn=<AddBackward0>)",54.50000000000001,28.693550718078427,5,9
28,"tensor(19247.8730, device='cuda:0', grad_fn=<AddBackward0>)",38.90789473684211,26.929495614035087,6,9,"tensor(19247.8730, device='cuda:0', grad_fn=<AddBackward0>)",46.69736842105263,27.979179720133672,10,9,"tensor(19247.8730, device='cuda:0', grad_fn=<AddBackward0>)",54.315789473684205,28.508279536567482,5,9
29,"tensor(19202.3652, device='cuda:0', grad_fn=<AddBackward0>)",38.86842105263158,26.956359649122806,6,9,"tensor(19202.3652, device='cuda:0', grad_fn=<AddBackward0>)",46.5921052631579,27.995616645781123,10,9,"tensor(19202.3652, device='cuda:0', grad_fn=<AddBackward0>)",54.236842105263165,28.527185254856807,5,9
