Epoch,Train Loss,Recall@5,MRR5,Best Epoch for Recall@5,Best Epoch for MRR5,Train Loss,Recall@10,MRR10,Best Epoch for Recall@10,Best Epoch for MRR10,Train Loss,Recall@20,MRR20,Best Epoch for Recall@20,Best Epoch for MRR20
0,"tensor(28685.5020, device='cuda:0', grad_fn=<AddBackward0>)",21.62162162162162,14.52097812097812,0,0,"tensor(28685.5020, device='cuda:0', grad_fn=<AddBackward0>)",27.038610038610038,15.243474597046024,0,0,"tensor(28685.5020, device='cuda:0', grad_fn=<AddBackward0>)",32.62934362934363,15.63220827867002,0,0
1,"tensor(25613.5586, device='cuda:0', grad_fn=<AddBackward0>)",22.30888030888031,14.74157014157014,1,1,"tensor(25613.5586, device='cuda:0', grad_fn=<AddBackward0>)",27.864864864864863,15.478770607342035,1,1,"tensor(25613.5586, device='cuda:0', grad_fn=<AddBackward0>)",33.67567567567568,15.88113189024843,1,1
2,"tensor(24361.8086, device='cuda:0', grad_fn=<AddBackward0>)",22.362934362934364,14.82966537966538,2,2,"tensor(24361.8086, device='cuda:0', grad_fn=<AddBackward0>)",28.193050193050194,15.605281301709873,2,2,"tensor(24361.8086, device='cuda:0', grad_fn=<AddBackward0>)",34.077220077220076,16.01402383764171,2,2
3,"tensor(23537.1953, device='cuda:0', grad_fn=<AddBackward0>)",22.652509652509654,15.06833976833977,3,3,"tensor(23537.1953, device='cuda:0', grad_fn=<AddBackward0>)",28.471042471042473,15.843851504565789,3,3,"tensor(23537.1953, device='cuda:0', grad_fn=<AddBackward0>)",34.28185328185328,16.2463105609501,3,3
4,"tensor(22901.9902, device='cuda:0', grad_fn=<AddBackward0>)",22.424710424710426,15.156756756756756,3,4,"tensor(22901.9902, device='cuda:0', grad_fn=<AddBackward0>)",28.436293436293436,15.962929766501194,3,4,"tensor(22901.9902, device='cuda:0', grad_fn=<AddBackward0>)",34.54054054054054,16.389512412245715,4,4
5,"tensor(22443.6211, device='cuda:0', grad_fn=<AddBackward0>)",22.625482625482626,15.05810810810811,3,4,"tensor(22443.6211, device='cuda:0', grad_fn=<AddBackward0>)",28.393822393822393,15.830429919715632,3,4,"tensor(22443.6211, device='cuda:0', grad_fn=<AddBackward0>)",34.28957528957529,16.239769121895392,4,4
6,"tensor(22053.0547, device='cuda:0', grad_fn=<AddBackward0>)",22.679536679536678,14.953539253539253,6,4,"tensor(22053.0547, device='cuda:0', grad_fn=<AddBackward0>)",28.44401544401544,15.721636943065514,3,4,"tensor(22053.0547, device='cuda:0', grad_fn=<AddBackward0>)",34.24710424710425,16.123558877638928,4,4
7,"tensor(21717.6816, device='cuda:0', grad_fn=<AddBackward0>)",22.362934362934364,14.727220077220077,6,4,"tensor(21717.6816, device='cuda:0', grad_fn=<AddBackward0>)",28.046332046332047,15.48557639271925,3,4,"tensor(21717.6816, device='cuda:0', grad_fn=<AddBackward0>)",33.6949806949807,15.876163729127022,4,4
8,"tensor(21450.0430, device='cuda:0', grad_fn=<AddBackward0>)",22.08108108108108,14.703346203346202,6,4,"tensor(21450.0430, device='cuda:0', grad_fn=<AddBackward0>)",27.525096525096526,15.43228841085984,3,4,"tensor(21450.0430, device='cuda:0', grad_fn=<AddBackward0>)",33.32818532818533,15.837407582061497,4,4
9,"tensor(21172.9512, device='cuda:0', grad_fn=<AddBackward0>)",21.872586872586872,14.412805662805662,6,4,"tensor(21172.9512, device='cuda:0', grad_fn=<AddBackward0>)",27.343629343629345,15.140679965679965,3,4,"tensor(21172.9512, device='cuda:0', grad_fn=<AddBackward0>)",32.84942084942085,15.522202127426585,4,4
10,"tensor(20937.5566, device='cuda:0', grad_fn=<AddBackward0>)",21.413127413127413,14.224066924066925,6,4,"tensor(20937.5566, device='cuda:0', grad_fn=<AddBackward0>)",27.01930501930502,14.969395415823985,3,4,"tensor(20937.5566, device='cuda:0', grad_fn=<AddBackward0>)",32.463320463320464,15.348715246459607,4,4
11,"tensor(20715.0605, device='cuda:0', grad_fn=<AddBackward0>)",21.158301158301157,14.04099099099099,6,4,"tensor(20715.0605, device='cuda:0', grad_fn=<AddBackward0>)",26.54054054054054,14.757672979101551,3,4,"tensor(20715.0605, device='cuda:0', grad_fn=<AddBackward0>)",31.97683397683398,15.136473342914078,4,4
12,"tensor(20521.9941, device='cuda:0', grad_fn=<AddBackward0>)",20.71814671814672,13.656048906048907,6,4,"tensor(20521.9941, device='cuda:0', grad_fn=<AddBackward0>)",26.320463320463322,14.403016792302505,3,4,"tensor(20521.9941, device='cuda:0', grad_fn=<AddBackward0>)",31.61003861003861,14.77160327133237,4,4
13,"tensor(20327.6230, device='cuda:0', grad_fn=<AddBackward0>)",20.768339768339768,13.604247104247106,6,4,"tensor(20327.6230, device='cuda:0', grad_fn=<AddBackward0>)",26.135135135135133,14.31599558742416,3,4,"tensor(20327.6230, device='cuda:0', grad_fn=<AddBackward0>)",31.37837837837838,14.678210555709448,4,4
14,"tensor(20135.2070, device='cuda:0', grad_fn=<AddBackward0>)",20.335907335907336,13.292535392535394,6,4,"tensor(20135.2070, device='cuda:0', grad_fn=<AddBackward0>)",25.575289575289574,13.988237727523442,3,4,"tensor(20135.2070, device='cuda:0', grad_fn=<AddBackward0>)",30.783783783783786,14.34862118500442,4,4
15,"tensor(19968.8457, device='cuda:0', grad_fn=<AddBackward0>)",20.27027027027027,13.236486486486488,6,4,"tensor(19968.8457, device='cuda:0', grad_fn=<AddBackward0>)",25.42084942084942,13.921987804130662,3,4,"tensor(19968.8457, device='cuda:0', grad_fn=<AddBackward0>)",30.74903474903475,14.294847919588078,4,4
16,"tensor(19806.2129, device='cuda:0', grad_fn=<AddBackward0>)",19.81081081081081,12.856628056628058,6,4,"tensor(19806.2129, device='cuda:0', grad_fn=<AddBackward0>)",24.984555984555985,13.539736164736164,3,4,"tensor(19806.2129, device='cuda:0', grad_fn=<AddBackward0>)",30.073359073359075,13.891208490926536,4,4
17,"tensor(19629.4082, device='cuda:0', grad_fn=<AddBackward0>)",19.575289575289574,12.702895752895751,6,4,"tensor(19629.4082, device='cuda:0', grad_fn=<AddBackward0>)",24.72972972972973,13.391914874057735,3,4,"tensor(19629.4082, device='cuda:0', grad_fn=<AddBackward0>)",29.88030888030888,13.750479248323122,4,4
18,"tensor(19484.3008, device='cuda:0', grad_fn=<AddBackward0>)",19.405405405405403,12.626640926640928,6,4,"tensor(19484.3008, device='cuda:0', grad_fn=<AddBackward0>)",24.675675675675677,13.334198994913283,3,4,"tensor(19484.3008, device='cuda:0', grad_fn=<AddBackward0>)",29.81467181467182,13.688513921403128,4,4
19,"tensor(19325.2012, device='cuda:0', grad_fn=<AddBackward0>)",19.119691119691122,12.465637065637065,6,4,"tensor(19325.2012, device='cuda:0', grad_fn=<AddBackward0>)",24.204633204633204,13.145611938469084,3,4,"tensor(19325.2012, device='cuda:0', grad_fn=<AddBackward0>)",29.31660231660232,13.501880971131303,4,4
20,"tensor(19179.5566, device='cuda:0', grad_fn=<AddBackward0>)",18.903474903474905,12.320978120978122,6,4,"tensor(19179.5566, device='cuda:0', grad_fn=<AddBackward0>)",23.972972972972972,12.999941778513206,3,4,"tensor(19179.5566, device='cuda:0', grad_fn=<AddBackward0>)",28.93050193050193,13.343475071725846,4,4
21,"tensor(19033.3066, device='cuda:0', grad_fn=<AddBackward0>)",18.52895752895753,12.116795366795367,6,4,"tensor(19033.3066, device='cuda:0', grad_fn=<AddBackward0>)",23.467181467181465,12.778695532266962,3,4,"tensor(19033.3066, device='cuda:0', grad_fn=<AddBackward0>)",28.413127413127416,13.1210643345263,4,4
22,"tensor(18874.6738, device='cuda:0', grad_fn=<AddBackward0>)",18.20849420849421,11.996138996138995,6,4,"tensor(18874.6738, device='cuda:0', grad_fn=<AddBackward0>)",22.942084942084943,12.629161304161304,3,4,"tensor(18874.6738, device='cuda:0', grad_fn=<AddBackward0>)",27.71814671814672,12.962641741285042,4,4
23,"tensor(18759.7773, device='cuda:0', grad_fn=<AddBackward0>)",18.046332046332047,11.960296010296013,6,4,"tensor(18759.7773, device='cuda:0', grad_fn=<AddBackward0>)",22.714285714285715,12.58297174725746,3,4,"tensor(18759.7773, device='cuda:0', grad_fn=<AddBackward0>)",27.185328185328185,12.895784138176882,4,4
24,"tensor(18630.3633, device='cuda:0', grad_fn=<AddBackward0>)",17.733590733590734,11.798712998712997,6,4,"tensor(18630.3633, device='cuda:0', grad_fn=<AddBackward0>)",22.32818532818533,12.410832260832262,3,4,"tensor(18630.3633, device='cuda:0', grad_fn=<AddBackward0>)",27.027027027027028,12.738343999163327,4,4
25,"tensor(18503.7793, device='cuda:0', grad_fn=<AddBackward0>)",17.575289575289577,11.62084942084942,6,4,"tensor(18503.7793, device='cuda:0', grad_fn=<AddBackward0>)",22.173745173745175,12.233760801617944,3,4,"tensor(18503.7793, device='cuda:0', grad_fn=<AddBackward0>)",26.548262548262546,12.541476364690649,4,4
26,"tensor(18404.5215, device='cuda:0', grad_fn=<AddBackward0>)",17.617760617760617,11.604118404118404,6,4,"tensor(18404.5215, device='cuda:0', grad_fn=<AddBackward0>)",22.254826254826256,12.224882024882024,3,4,"tensor(18404.5215, device='cuda:0', grad_fn=<AddBackward0>)",26.880308880308878,12.547778728732952,4,4
27,"tensor(18305.5684, device='cuda:0', grad_fn=<AddBackward0>)",17.43243243243243,11.489510939510941,6,4,"tensor(18305.5684, device='cuda:0', grad_fn=<AddBackward0>)",21.942084942084943,12.091084451798737,3,4,"tensor(18305.5684, device='cuda:0', grad_fn=<AddBackward0>)",26.42857142857143,12.40246090141601,4,4
28,"tensor(18180.3086, device='cuda:0', grad_fn=<AddBackward0>)",17.20849420849421,11.400064350064348,6,4,"tensor(18180.3086, device='cuda:0', grad_fn=<AddBackward0>)",21.772200772200772,12.00724397867255,3,4,"tensor(18180.3086, device='cuda:0', grad_fn=<AddBackward0>)",26.17374517374517,12.310897369770656,4,4
29,"tensor(18108.8066, device='cuda:0', grad_fn=<AddBackward0>)",17.046332046332047,11.17123552123552,6,4,"tensor(18108.8066, device='cuda:0', grad_fn=<AddBackward0>)",21.47876447876448,11.763358766930196,3,4,"tensor(18108.8066, device='cuda:0', grad_fn=<AddBackward0>)",25.864864864864867,12.06938115118124,4,4
