Epoch,Train Loss,Recall@5,MRR5,Best Epoch for Recall@5,Best Epoch for MRR5,Train Loss,Recall@10,MRR10,Best Epoch for Recall@10,Best Epoch for MRR10,Train Loss,Recall@20,MRR20,Best Epoch for Recall@20,Best Epoch for MRR20
0,"tensor(44077.5586, device='cuda:0', grad_fn=<AddBackward0>)",24.876847290640395,13.924685276409415,0,0,"tensor(44077.5586, device='cuda:0', grad_fn=<AddBackward0>)",36.16912972085386,15.417290901034745,0,0,"tensor(44077.5586, device='cuda:0', grad_fn=<AddBackward0>)",49.4367816091954,16.33783440503823,0,0
1,"tensor(40843.2617, device='cuda:0', grad_fn=<AddBackward0>)",25.995073891625616,14.49009304871374,1,1,"tensor(40843.2617, device='cuda:0', grad_fn=<AddBackward0>)",37.389162561576356,15.996100815805248,1,1,"tensor(40843.2617, device='cuda:0', grad_fn=<AddBackward0>)",50.86535303776684,16.92298116887691,1,1
2,"tensor(40064.5430, device='cuda:0', grad_fn=<AddBackward0>)",26.436781609195403,14.776518883415434,2,2,"tensor(40064.5430, device='cuda:0', grad_fn=<AddBackward0>)",38.04926108374384,16.316139520942478,2,2,"tensor(40064.5430, device='cuda:0', grad_fn=<AddBackward0>)",51.39573070607554,17.23656881278128,2,2
3,"tensor(39592.9805, device='cuda:0', grad_fn=<AddBackward0>)",26.661740558292284,14.915982484948003,3,3,"tensor(39592.9805, device='cuda:0', grad_fn=<AddBackward0>)",38.38095238095238,16.46661453853572,3,3,"tensor(39592.9805, device='cuda:0', grad_fn=<AddBackward0>)",51.48440065681446,17.372151009325588,3,3
4,"tensor(39264.5547, device='cuda:0', grad_fn=<AddBackward0>)",26.623973727422,14.908347016967705,3,3,"tensor(39264.5547, device='cuda:0', grad_fn=<AddBackward0>)",38.40886699507389,16.471733520994604,4,4,"tensor(39264.5547, device='cuda:0', grad_fn=<AddBackward0>)",51.80295566502463,17.394851431731663,4,4
5,"tensor(39011.5352, device='cuda:0', grad_fn=<AddBackward0>)",27.114942528735632,15.152599890530924,5,5,"tensor(39011.5352, device='cuda:0', grad_fn=<AddBackward0>)",38.78981937602627,16.701879870722234,5,5,"tensor(39011.5352, device='cuda:0', grad_fn=<AddBackward0>)",52.07881773399015,17.62199611216563,5,5
6,"tensor(38812.2383, device='cuda:0', grad_fn=<AddBackward0>)",27.036124794745486,15.140859332238643,5,5,"tensor(38812.2383, device='cuda:0', grad_fn=<AddBackward0>)",38.91133004926108,16.71047123830375,6,6,"tensor(38812.2383, device='cuda:0', grad_fn=<AddBackward0>)",52.321839080459775,17.63637240376953,6,6
7,"tensor(38626.8828, device='cuda:0', grad_fn=<AddBackward0>)",27.101806239737275,15.196195949644226,5,7,"tensor(38626.8828, device='cuda:0', grad_fn=<AddBackward0>)",38.927750410509034,16.763767039382806,7,7,"tensor(38626.8828, device='cuda:0', grad_fn=<AddBackward0>)",52.34154351395731,17.68820786661077,7,7
8,"tensor(38483.3320, device='cuda:0', grad_fn=<AddBackward0>)",27.185550082101805,15.311795292829775,8,8,"tensor(38483.3320, device='cuda:0', grad_fn=<AddBackward0>)",38.97208538587849,16.873245236792034,8,8,"tensor(38483.3320, device='cuda:0', grad_fn=<AddBackward0>)",52.29228243021347,17.792037009963735,7,8
9,"tensor(38364.3984, device='cuda:0', grad_fn=<AddBackward0>)",27.3431855500821,15.316940339354131,9,9,"tensor(38364.3984, device='cuda:0', grad_fn=<AddBackward0>)",38.927750410509034,16.853502358797925,8,8,"tensor(38364.3984, device='cuda:0', grad_fn=<AddBackward0>)",52.518883415435134,17.793980473861208,9,9
10,"tensor(38234.5078, device='cuda:0', grad_fn=<AddBackward0>)",27.44499178981938,15.383251231527092,10,10,"tensor(38234.5078, device='cuda:0', grad_fn=<AddBackward0>)",39.28407224958949,16.953480204342274,10,10,"tensor(38234.5078, device='cuda:0', grad_fn=<AddBackward0>)",52.689655172413794,17.881979593153506,10,10
11,"tensor(38140.4727, device='cuda:0', grad_fn=<AddBackward0>)",27.413793103448274,15.339025725232622,10,10,"tensor(38140.4727, device='cuda:0', grad_fn=<AddBackward0>)",39.2824302134647,16.91329723460266,10,10,"tensor(38140.4727, device='cuda:0', grad_fn=<AddBackward0>)",52.66995073891626,17.842018277055033,10,10
12,"tensor(38035.2891, device='cuda:0', grad_fn=<AddBackward0>)",27.426929392446635,15.393130815544612,10,12,"tensor(38035.2891, device='cuda:0', grad_fn=<AddBackward0>)",39.32676518883416,16.970086923658346,12,12,"tensor(38035.2891, device='cuda:0', grad_fn=<AddBackward0>)",52.692939244663386,17.89591971123564,12,12
13,"tensor(37954., device='cuda:0', grad_fn=<AddBackward0>)",27.576354679802957,15.461111111111109,13,13,"tensor(37954., device='cuda:0', grad_fn=<AddBackward0>)",39.36781609195402,17.025871842990075,13,13,"tensor(37954., device='cuda:0', grad_fn=<AddBackward0>)",52.77668308702791,17.953843807775545,13,13
14,"tensor(37871.7031, device='cuda:0', grad_fn=<AddBackward0>)",27.55665024630542,15.451039956212373,13,13,"tensor(37871.7031, device='cuda:0', grad_fn=<AddBackward0>)",39.38423645320197,17.018065003779288,14,13,"tensor(37871.7031, device='cuda:0', grad_fn=<AddBackward0>)",52.804597701149426,17.946296887264797,14,13
15,"tensor(37789.6484, device='cuda:0', grad_fn=<AddBackward0>)",27.532019704433498,15.444745484400654,13,13,"tensor(37789.6484, device='cuda:0', grad_fn=<AddBackward0>)",39.31691297208539,17.009630672192248,14,13,"tensor(37789.6484, device='cuda:0', grad_fn=<AddBackward0>)",52.64860426929392,17.931513218137805,14,13
16,"tensor(37730.3906, device='cuda:0', grad_fn=<AddBackward0>)",27.469622331691294,15.456048166392991,13,13,"tensor(37730.3906, device='cuda:0', grad_fn=<AddBackward0>)",39.39244663382595,17.038664086324186,16,16,"tensor(37730.3906, device='cuda:0', grad_fn=<AddBackward0>)",52.704433497536954,17.958565869959024,14,16
17,"tensor(37676.4609, device='cuda:0', grad_fn=<AddBackward0>)",27.51067323481117,15.441324575807332,13,13,"tensor(37676.4609, device='cuda:0', grad_fn=<AddBackward0>)",39.39080459770115,17.017441421012844,16,16,"tensor(37676.4609, device='cuda:0', grad_fn=<AddBackward0>)",52.704433497536954,17.937280982390718,14,16
18,"tensor(37612.1875, device='cuda:0', grad_fn=<AddBackward0>)",27.6863711001642,15.561220580186097,18,18,"tensor(37612.1875, device='cuda:0', grad_fn=<AddBackward0>)",39.4679802955665,17.125336878046234,18,18,"tensor(37612.1875, device='cuda:0', grad_fn=<AddBackward0>)",52.88669950738917,18.055574201090757,18,18
19,"tensor(37548.2500, device='cuda:0', grad_fn=<AddBackward0>)",27.68965517241379,15.543760262725783,19,18,"tensor(37548.2500, device='cuda:0', grad_fn=<AddBackward0>)",39.34811165845649,17.09089256392212,18,18,"tensor(37548.2500, device='cuda:0', grad_fn=<AddBackward0>)",52.666666666666664,18.01300985869284,18,18
20,"tensor(37509.4844, device='cuda:0', grad_fn=<AddBackward0>)",27.725779967159276,15.509551176792554,20,18,"tensor(37509.4844, device='cuda:0', grad_fn=<AddBackward0>)",39.40065681444992,17.05792152109886,18,18,"tensor(37509.4844, device='cuda:0', grad_fn=<AddBackward0>)",52.81937602627258,17.98771527547416,18,18
21,"tensor(37474.4609, device='cuda:0', grad_fn=<AddBackward0>)",27.669950738916256,15.532074438970989,20,18,"tensor(37474.4609, device='cuda:0', grad_fn=<AddBackward0>)",39.487684729064036,17.10203039070034,21,18,"tensor(37474.4609, device='cuda:0', grad_fn=<AddBackward0>)",52.81773399014779,18.02457666945916,18,18
22,"tensor(37421.2656, device='cuda:0', grad_fn=<AddBackward0>)",27.722495894909688,15.578461959496446,20,22,"tensor(37421.2656, device='cuda:0', grad_fn=<AddBackward0>)",39.42857142857143,17.133490369327802,21,22,"tensor(37421.2656, device='cuda:0', grad_fn=<AddBackward0>)",52.73891625615763,18.057268949656354,18,22
23,"tensor(37376.7422, device='cuda:0', grad_fn=<AddBackward0>)",27.59113300492611,15.483962780514505,20,22,"tensor(37376.7422, device='cuda:0', grad_fn=<AddBackward0>)",39.45812807881774,17.05914392576954,21,22,"tensor(37376.7422, device='cuda:0', grad_fn=<AddBackward0>)",52.73891625615763,17.978219206695503,18,22
24,"tensor(37325.0078, device='cuda:0', grad_fn=<AddBackward0>)",27.62889983579639,15.491269841269842,20,22,"tensor(37325.0078, device='cuda:0', grad_fn=<AddBackward0>)",39.35796387520526,17.04754671983736,21,22,"tensor(37325.0078, device='cuda:0', grad_fn=<AddBackward0>)",52.67323481116585,17.967401817955047,18,22
25,"tensor(37290.2930, device='cuda:0', grad_fn=<AddBackward0>)",27.638752052545158,15.551313628899836,20,22,"tensor(37290.2930, device='cuda:0', grad_fn=<AddBackward0>)",39.43513957307061,17.114602392681206,21,22,"tensor(37290.2930, device='cuda:0', grad_fn=<AddBackward0>)",52.69950738916256,18.032615147077394,18,22
26,"tensor(37272.7461, device='cuda:0', grad_fn=<AddBackward0>)",27.58128078817734,15.506294471811714,20,22,"tensor(37272.7461, device='cuda:0', grad_fn=<AddBackward0>)",39.397372742200325,17.07266009852217,21,22,"tensor(37272.7461, device='cuda:0', grad_fn=<AddBackward0>)",52.66174055829228,17.9854496516877,18,22
27,"tensor(37219.7344, device='cuda:0', grad_fn=<AddBackward0>)",27.57142857142857,15.502599890530927,20,22,"tensor(37219.7344, device='cuda:0', grad_fn=<AddBackward0>)",39.37110016420362,17.0681236479266,21,22,"tensor(37219.7344, device='cuda:0', grad_fn=<AddBackward0>)",52.62068965517241,17.9825511742397,18,22
28,"tensor(37189.1680, device='cuda:0', grad_fn=<AddBackward0>)",27.586206896551722,15.530350301039958,20,22,"tensor(37189.1680, device='cuda:0', grad_fn=<AddBackward0>)",39.37274220032841,17.09646180311205,21,22,"tensor(37189.1680, device='cuda:0', grad_fn=<AddBackward0>)",52.504105090311995,18.005123075012047,18,22
29,"tensor(37158.7578, device='cuda:0', grad_fn=<AddBackward0>)",27.55993431855501,15.536863711001644,20,22,"tensor(37158.7578, device='cuda:0', grad_fn=<AddBackward0>)",39.387520525451556,17.11040607814007,21,22,"tensor(37158.7578, device='cuda:0', grad_fn=<AddBackward0>)",52.623973727422005,18.023649016702137,18,22
