Epoch,Train Loss,Recall@5,MRR5,Best Epoch for Recall@5,Best Epoch for MRR5,Train Loss,Recall@10,MRR10,Best Epoch for Recall@10,Best Epoch for MRR10,Train Loss,Recall@20,MRR20,Best Epoch for Recall@20,Best Epoch for MRR20
0,"tensor(77429.1875, device='cuda:1', grad_fn=<AddBackward0>)",10.805339265850945,6.307248794957361,0,0,"tensor(77429.1875, device='cuda:1', grad_fn=<AddBackward0>)",15.35817575083426,6.9140098345604475,0,0,"tensor(77429.1875, device='cuda:1', grad_fn=<AddBackward0>)",20.410456062291434,7.263994106808362,0,0
1,"tensor(67904., device='cuda:1', grad_fn=<AddBackward0>)",11.53615127919911,6.712495365220615,1,1,"tensor(67904., device='cuda:1', grad_fn=<AddBackward0>)",16.390433815350388,7.355295566502465,1,1,"tensor(67904., device='cuda:1', grad_fn=<AddBackward0>)",21.7853170189099,7.726633464495322,1,1
2,"tensor(65694.0547, device='cuda:1', grad_fn=<AddBackward0>)",11.82091212458287,6.868223952539859,2,2,"tensor(65694.0547, device='cuda:1', grad_fn=<AddBackward0>)",16.715239154616242,7.52183025230856,2,2,"tensor(65694.0547, device='cuda:1', grad_fn=<AddBackward0>)",22.25361512791991,7.903548985043515,2,2
3,"tensor(64539.9961, device='cuda:1', grad_fn=<AddBackward0>)",12.0055617352614,6.976974416017796,3,3,"tensor(64539.9961, device='cuda:1', grad_fn=<AddBackward0>)",17.005561735261402,7.641332521143424,3,3,"tensor(64539.9961, device='cuda:1', grad_fn=<AddBackward0>)",22.659621802002224,8.030866269288776,3,3
4,"tensor(63697.2930, device='cuda:1', grad_fn=<AddBackward0>)",12.098998887652948,7.030700778642937,4,4,"tensor(63697.2930, device='cuda:1', grad_fn=<AddBackward0>)",17.052280311457174,7.691218196585273,4,4,"tensor(63697.2930, device='cuda:1', grad_fn=<AddBackward0>)",22.533926585094548,8.069008753785182,3,4
5,"tensor(63056.6641, device='cuda:1', grad_fn=<AddBackward0>)",12.236929922135706,7.043789395624768,5,5,"tensor(63056.6641, device='cuda:1', grad_fn=<AddBackward0>)",17.134593993325918,7.695645955823931,5,5,"tensor(63056.6641, device='cuda:1', grad_fn=<AddBackward0>)",22.768631813125694,8.081132014811937,5,5
6,"tensor(62611.5156, device='cuda:1', grad_fn=<AddBackward0>)",12.221357063403781,7.0254356692621425,5,5,"tensor(62611.5156, device='cuda:1', grad_fn=<AddBackward0>)",17.174638487208007,7.682672987622931,6,5,"tensor(62611.5156, device='cuda:1', grad_fn=<AddBackward0>)",22.798665183537263,8.07107006616459,6,5
7,"tensor(62187.5234, device='cuda:1', grad_fn=<AddBackward0>)",12.329254727474973,7.083963663329623,7,7,"tensor(62187.5234, device='cuda:1', grad_fn=<AddBackward0>)",17.157953281423804,7.724930699013011,6,7,"tensor(62187.5234, device='cuda:1', grad_fn=<AddBackward0>)",22.869855394883203,8.11958284862647,7,7
8,"tensor(61886.9727, device='cuda:1', grad_fn=<AddBackward0>)",12.418242491657397,7.136429365962183,8,8,"tensor(61886.9727, device='cuda:1', grad_fn=<AddBackward0>)",17.340378197997776,7.790681886399349,8,8,"tensor(61886.9727, device='cuda:1', grad_fn=<AddBackward0>)",22.95773081201335,8.177768662671996,8,8
9,"tensor(61617.0938, device='cuda:1', grad_fn=<AddBackward0>)",12.440489432703004,7.138134964775677,9,9,"tensor(61617.0938, device='cuda:1', grad_fn=<AddBackward0>)",17.292547274749722,7.780905591750975,8,8,"tensor(61617.0938, device='cuda:1', grad_fn=<AddBackward0>)",22.903225806451612,8.166859193470634,8,8
10,"tensor(61321.9961, device='cuda:1', grad_fn=<AddBackward0>)",12.342602892102336,7.093251761216165,9,9,"tensor(61321.9961, device='cuda:1', grad_fn=<AddBackward0>)",17.418242491657395,7.770568709500856,10,8,"tensor(61321.9961, device='cuda:1', grad_fn=<AddBackward0>)",22.972191323692993,8.152910719062222,10,8
11,"tensor(61104.8633, device='cuda:1', grad_fn=<AddBackward0>)",12.337041156840934,7.092361883574343,9,9,"tensor(61104.8633, device='cuda:1', grad_fn=<AddBackward0>)",17.333704115684093,7.759421844377351,10,8,"tensor(61104.8633, device='cuda:1', grad_fn=<AddBackward0>)",22.954393770856505,8.147383317700095,10,8
12,"tensor(60921.9297, device='cuda:1', grad_fn=<AddBackward0>)",12.35817575083426,7.106433073785687,9,9,"tensor(60921.9297, device='cuda:1', grad_fn=<AddBackward0>)",17.35706340378198,7.773880149019193,10,8,"tensor(60921.9297, device='cuda:1', grad_fn=<AddBackward0>)",22.96218020022247,8.161199591972862,10,8
13,"tensor(60744.8711, device='cuda:1', grad_fn=<AddBackward0>)",12.448275862068964,7.161290322580645,13,13,"tensor(60744.8711, device='cuda:1', grad_fn=<AddBackward0>)",17.420467185761957,7.821007468615923,13,13,"tensor(60744.8711, device='cuda:1', grad_fn=<AddBackward0>)",22.832035595105673,8.193064498371047,10,13
14,"tensor(60549.8477, device='cuda:1', grad_fn=<AddBackward0>)",12.32146829810901,7.149425287356322,13,13,"tensor(60549.8477, device='cuda:1', grad_fn=<AddBackward0>)",17.402669632925473,7.825719052915939,13,14,"tensor(60549.8477, device='cuda:1', grad_fn=<AddBackward0>)",22.884315906562847,8.203254633521839,10,14
15,"tensor(60362.4180, device='cuda:1', grad_fn=<AddBackward0>)",12.295884315906564,7.120244716351501,13,13,"tensor(60362.4180, device='cuda:1', grad_fn=<AddBackward0>)",17.361512791991103,7.793585465331851,13,14,"tensor(60362.4180, device='cuda:1', grad_fn=<AddBackward0>)",22.842046718576196,8.1718081292835,10,14
16,"tensor(60257.1094, device='cuda:1', grad_fn=<AddBackward0>)",12.28921023359288,7.128179458657765,13,13,"tensor(60257.1094, device='cuda:1', grad_fn=<AddBackward0>)",17.337041156840936,7.798150943729365,13,14,"tensor(60257.1094, device='cuda:1', grad_fn=<AddBackward0>)",22.845383759733036,8.177004519231692,10,14
17,"tensor(60127.2578, device='cuda:1', grad_fn=<AddBackward0>)",12.293659621802004,7.089488320355949,13,13,"tensor(60127.2578, device='cuda:1', grad_fn=<AddBackward0>)",17.302558398220246,7.755766106961881,13,14,"tensor(60127.2578, device='cuda:1', grad_fn=<AddBackward0>)",22.8642936596218,8.140189952958956,10,14
18,"tensor(59982.6562, device='cuda:1', grad_fn=<AddBackward0>)",12.193548387096774,7.087615869484612,13,13,"tensor(59982.6562, device='cuda:1', grad_fn=<AddBackward0>)",17.293659621802,7.765455885728409,13,14,"tensor(59982.6562, device='cuda:1', grad_fn=<AddBackward0>)",22.794215795328142,8.144249449575026,10,14
19,"tensor(59885.0938, device='cuda:1', grad_fn=<AddBackward0>)",12.258064516129032,7.0407675194660735,13,13,"tensor(59885.0938, device='cuda:1', grad_fn=<AddBackward0>)",17.246941045606228,7.703294666031038,13,14,"tensor(59885.0938, device='cuda:1', grad_fn=<AddBackward0>)",22.726362625139043,8.082626500547125,10,14
20,"tensor(59779.7461, device='cuda:1', grad_fn=<AddBackward0>)",12.318131256952169,7.085502410085279,13,13,"tensor(59779.7461, device='cuda:1', grad_fn=<AddBackward0>)",17.2146829810901,7.737067641294559,13,14,"tensor(59779.7461, device='cuda:1', grad_fn=<AddBackward0>)",22.842046718576196,8.12687006970361,10,14
21,"tensor(59662.8359, device='cuda:1', grad_fn=<AddBackward0>)",12.231368186874304,7.114386355209493,13,13,"tensor(59662.8359, device='cuda:1', grad_fn=<AddBackward0>)",17.272525027808676,7.783696170348005,13,14,"tensor(59662.8359, device='cuda:1', grad_fn=<AddBackward0>)",22.795328142380423,8.16341834047842,10,14
22,"tensor(59587.7109, device='cuda:1', grad_fn=<AddBackward0>)",12.197997775305895,7.064627363737487,13,13,"tensor(59587.7109, device='cuda:1', grad_fn=<AddBackward0>)",17.162402669632925,7.72280664583223,13,14,"tensor(59587.7109, device='cuda:1', grad_fn=<AddBackward0>)",22.67074527252503,8.102916900903958,10,14
23,"tensor(59468.2539, device='cuda:1', grad_fn=<AddBackward0>)",12.189098998887653,7.0604560622914345,13,13,"tensor(59468.2539, device='cuda:1', grad_fn=<AddBackward0>)",17.136818687430477,7.719036142451048,13,14,"tensor(59468.2539, device='cuda:1', grad_fn=<AddBackward0>)",22.681868743047833,8.10099164431782,10,14
24,"tensor(59383.2266, device='cuda:1', grad_fn=<AddBackward0>)",12.199110122358176,7.079087875417129,13,13,"tensor(59383.2266, device='cuda:1', grad_fn=<AddBackward0>)",17.125695216907673,7.734511450112118,13,14,"tensor(59383.2266, device='cuda:1', grad_fn=<AddBackward0>)",22.626251390433815,8.11377948419639,10,14
25,"tensor(59335.1602, device='cuda:1', grad_fn=<AddBackward0>)",12.165739710789767,7.080404152762328,13,13,"tensor(59335.1602, device='cuda:1', grad_fn=<AddBackward0>)",17.06340378197998,7.733296255098257,13,14,"tensor(59335.1602, device='cuda:1', grad_fn=<AddBackward0>)",22.587319243604004,8.113797006625854,10,14
26,"tensor(59197.8242, device='cuda:1', grad_fn=<AddBackward0>)",12.191323692992214,7.081368186874306,13,13,"tensor(59197.8242, device='cuda:1', grad_fn=<AddBackward0>)",17.10567296996663,7.734105355156523,13,14,"tensor(59197.8242, device='cuda:1', grad_fn=<AddBackward0>)",22.563959955506117,8.108823889091695,10,14
27,"tensor(59167.0195, device='cuda:1', grad_fn=<AddBackward0>)",12.135706340378198,7.042454579162031,13,13,"tensor(59167.0195, device='cuda:1', grad_fn=<AddBackward0>)",17.040044493882093,7.6958269329237075,13,14,"tensor(59167.0195, device='cuda:1', grad_fn=<AddBackward0>)",22.53503893214683,8.07508511304697,10,14
28,"tensor(59076.8516, device='cuda:1', grad_fn=<AddBackward0>)",12.166852057842046,7.035910270671115,13,13,"tensor(59076.8516, device='cuda:1', grad_fn=<AddBackward0>)",17.056729699666295,7.685066740823136,13,14,"tensor(59076.8516, device='cuda:1', grad_fn=<AddBackward0>)",22.49388209121246,8.060371484067318,10,14
29,"tensor(59011.6562, device='cuda:1', grad_fn=<AddBackward0>)",12.175750834260288,7.057508342602892,13,13,"tensor(59011.6562, device='cuda:1', grad_fn=<AddBackward0>)",17.04115684093437,7.70504484700814,13,14,"tensor(59011.6562, device='cuda:1', grad_fn=<AddBackward0>)",22.61179087875417,8.088842020516232,10,14
