Epoch,Train Loss,Recall@5,MRR5,Best Epoch for Recall@5,Best Epoch for MRR5,Train Loss,Recall@10,MRR10,Best Epoch for Recall@10,Best Epoch for MRR10,Train Loss,Recall@20,MRR20,Best Epoch for Recall@20,Best Epoch for MRR20
0,"tensor(24406.0840, device='cuda:0', grad_fn=<AddBackward0>)",18.285714285714285,12.440862290862292,0,0,"tensor(24406.0840, device='cuda:0', grad_fn=<AddBackward0>)",22.583011583011583,13.011622847337131,0,0,"tensor(24406.0840, device='cuda:0', grad_fn=<AddBackward0>)",27.239382239382238,13.337011541246394,0,0
1,"tensor(20923.8164, device='cuda:0', grad_fn=<AddBackward0>)",18.444015444015445,12.566473616473617,1,1,"tensor(20923.8164, device='cuda:0', grad_fn=<AddBackward0>)",22.976833976833976,13.166807623950483,1,1,"tensor(20923.8164, device='cuda:0', grad_fn=<AddBackward0>)",27.918918918918916,13.50930402218549,1,1
2,"tensor(20011.8496, device='cuda:0', grad_fn=<AddBackward0>)",18.544401544401545,12.601544401544402,2,2,"tensor(20011.8496, device='cuda:0', grad_fn=<AddBackward0>)",23.185328185328185,13.219360176503034,2,2,"tensor(20011.8496, device='cuda:0', grad_fn=<AddBackward0>)",28.027027027027028,13.55639210000665,2,2
3,"tensor(19417.1445, device='cuda:0', grad_fn=<AddBackward0>)",19.212355212355213,12.876640926640928,3,3,"tensor(19417.1445, device='cuda:0', grad_fn=<AddBackward0>)",24.092664092664094,13.524986210700495,3,3,"tensor(19417.1445, device='cuda:0', grad_fn=<AddBackward0>)",28.996138996139,13.864754630212396,3,3
4,"tensor(18984.9609, device='cuda:0', grad_fn=<AddBackward0>)",19.23166023166023,12.689060489060488,4,3,"tensor(18984.9609, device='cuda:0', grad_fn=<AddBackward0>)",24.069498069498067,13.332207207207212,3,3,"tensor(18984.9609, device='cuda:0', grad_fn=<AddBackward0>)",28.8996138996139,13.664529725105798,3,3
5,"tensor(18652.5391, device='cuda:0', grad_fn=<AddBackward0>)",18.903474903474905,12.59890604890605,4,3,"tensor(18652.5391, device='cuda:0', grad_fn=<AddBackward0>)",23.864864864864867,13.265928173071032,3,3,"tensor(18652.5391, device='cuda:0', grad_fn=<AddBackward0>)",28.98069498069498,13.618687806784886,3,3
6,"tensor(18372.9648, device='cuda:0', grad_fn=<AddBackward0>)",18.976833976833976,12.50849420849421,4,3,"tensor(18372.9648, device='cuda:0', grad_fn=<AddBackward0>)",24.003861003861005,13.182348164491023,3,3,"tensor(18372.9648, device='cuda:0', grad_fn=<AddBackward0>)",29.05019305019305,13.532138686063941,6,3
7,"tensor(18159.7598, device='cuda:0', grad_fn=<AddBackward0>)",19.35135135135135,12.607142857142858,7,3,"tensor(18159.7598, device='cuda:0', grad_fn=<AddBackward0>)",24.37837837837838,13.275263528834955,7,3,"tensor(18159.7598, device='cuda:0', grad_fn=<AddBackward0>)",29.683397683397683,13.644693108370683,7,3
8,"tensor(17974.4824, device='cuda:0', grad_fn=<AddBackward0>)",18.795366795366792,12.258301158301158,7,3,"tensor(17974.4824, device='cuda:0', grad_fn=<AddBackward0>)",23.594594594594597,12.89047159404302,7,3,"tensor(17974.4824, device='cuda:0', grad_fn=<AddBackward0>)",28.760617760617762,13.247486344771838,7,3
9,"tensor(17800.1035, device='cuda:0', grad_fn=<AddBackward0>)",18.806949806949806,12.369305019305019,7,3,"tensor(17800.1035, device='cuda:0', grad_fn=<AddBackward0>)",23.752895752895753,13.03181804253233,7,3,"tensor(17800.1035, device='cuda:0', grad_fn=<AddBackward0>)",28.942084942084946,13.390798121199493,7,3
10,"tensor(17646.4746, device='cuda:0', grad_fn=<AddBackward0>)",18.752895752895753,12.264221364221363,7,3,"tensor(17646.4746, device='cuda:0', grad_fn=<AddBackward0>)",23.47876447876448,12.897390758105045,7,3,"tensor(17646.4746, device='cuda:0', grad_fn=<AddBackward0>)",28.806949806949806,13.267720220749855,7,3
11,"tensor(17525.5469, device='cuda:0', grad_fn=<AddBackward0>)",18.725868725868725,12.291505791505791,7,3,"tensor(17525.5469, device='cuda:0', grad_fn=<AddBackward0>)",23.544401544401545,12.937125390696819,7,3,"tensor(17525.5469, device='cuda:0', grad_fn=<AddBackward0>)",28.830115830115833,13.30767989584332,7,3
12,"tensor(17385.0391, device='cuda:0', grad_fn=<AddBackward0>)",18.555984555984555,12.200514800514803,7,3,"tensor(17385.0391, device='cuda:0', grad_fn=<AddBackward0>)",23.413127413127413,12.849831464117178,7,3,"tensor(17385.0391, device='cuda:0', grad_fn=<AddBackward0>)",28.598455598455597,13.210669524734097,7,3
13,"tensor(17271.7715, device='cuda:0', grad_fn=<AddBackward0>)",18.501930501930502,12.079343629343631,7,3,"tensor(17271.7715, device='cuda:0', grad_fn=<AddBackward0>)",23.355212355212355,12.72678494821352,7,3,"tensor(17271.7715, device='cuda:0', grad_fn=<AddBackward0>)",28.43243243243243,13.075463883458132,7,3
14,"tensor(17167.1836, device='cuda:0', grad_fn=<AddBackward0>)",18.115830115830118,11.88037323037323,7,3,"tensor(17167.1836, device='cuda:0', grad_fn=<AddBackward0>)",22.88030888030888,12.515388858245998,7,3,"tensor(17167.1836, device='cuda:0', grad_fn=<AddBackward0>)",27.853281853281853,12.85908531125249,7,3
15,"tensor(17057.8965, device='cuda:0', grad_fn=<AddBackward0>)",18.254826254826252,11.896138996138996,7,3,"tensor(17057.8965, device='cuda:0', grad_fn=<AddBackward0>)",23.054054054054056,12.539163142734571,7,3,"tensor(17057.8965, device='cuda:0', grad_fn=<AddBackward0>)",28.239382239382238,12.899595340760756,7,3
16,"tensor(16975.1328, device='cuda:0', grad_fn=<AddBackward0>)",18.073359073359075,11.794144144144145,7,3,"tensor(16975.1328, device='cuda:0', grad_fn=<AddBackward0>)",22.984555984555985,12.453882453882455,7,3,"tensor(16975.1328, device='cuda:0', grad_fn=<AddBackward0>)",27.918918918918916,12.794149987499171,7,3
17,"tensor(16890.8926, device='cuda:0', grad_fn=<AddBackward0>)",18.266409266409266,11.826962676962676,7,3,"tensor(16890.8926, device='cuda:0', grad_fn=<AddBackward0>)",23.034749034749037,12.45876999448428,7,3,"tensor(16890.8926, device='cuda:0', grad_fn=<AddBackward0>)",27.988416988416986,12.79899021383431,7,3
18,"tensor(16804.1758, device='cuda:0', grad_fn=<AddBackward0>)",18.16216216216216,11.852252252252253,7,3,"tensor(16804.1758, device='cuda:0', grad_fn=<AddBackward0>)",22.930501930501933,12.48957528957529,7,3,"tensor(16804.1758, device='cuda:0', grad_fn=<AddBackward0>)",27.965250965250966,12.83950231153349,7,3
19,"tensor(16723.4453, device='cuda:0', grad_fn=<AddBackward0>)",18.216216216216218,11.819176319176318,7,3,"tensor(16723.4453, device='cuda:0', grad_fn=<AddBackward0>)",22.969111969111967,12.451467794324937,7,3,"tensor(16723.4453, device='cuda:0', grad_fn=<AddBackward0>)",27.996138996138995,12.800785718001551,7,3
20,"tensor(16674.2695, device='cuda:0', grad_fn=<AddBackward0>)",18.030888030888033,11.7498712998713,7,3,"tensor(16674.2695, device='cuda:0', grad_fn=<AddBackward0>)",22.660231660231663,12.367782067782066,7,3,"tensor(16674.2695, device='cuda:0', grad_fn=<AddBackward0>)",27.725868725868725,12.719072724103686,7,3
21,"tensor(16594.9609, device='cuda:0', grad_fn=<AddBackward0>)",17.965250965250963,11.61164736164736,7,3,"tensor(16594.9609, device='cuda:0', grad_fn=<AddBackward0>)",22.7992277992278,12.255872709444136,7,3,"tensor(16594.9609, device='cuda:0', grad_fn=<AddBackward0>)",27.687258687258687,12.594079542575784,7,3
22,"tensor(16533.2559, device='cuda:0', grad_fn=<AddBackward0>)",17.857142857142858,11.655148005148003,7,3,"tensor(16533.2559, device='cuda:0', grad_fn=<AddBackward0>)",22.625482625482626,12.292596678310964,7,3,"tensor(16533.2559, device='cuda:0', grad_fn=<AddBackward0>)",27.474903474903474,12.627060227563321,7,3
23,"tensor(16467.0234, device='cuda:0', grad_fn=<AddBackward0>)",17.328185328185327,11.343178893178893,7,3,"tensor(16467.0234, device='cuda:0', grad_fn=<AddBackward0>)",21.93050193050193,11.96083072868787,7,3,"tensor(16467.0234, device='cuda:0', grad_fn=<AddBackward0>)",26.73745173745174,12.297500326298426,7,3
24,"tensor(16403.9512, device='cuda:0', grad_fn=<AddBackward0>)",17.6988416988417,11.396267696267696,7,3,"tensor(16403.9512, device='cuda:0', grad_fn=<AddBackward0>)",22.316602316602317,12.013917999632284,7,3,"tensor(16403.9512, device='cuda:0', grad_fn=<AddBackward0>)",27.17374517374517,12.352120806162159,7,3
25,"tensor(16363.2090, device='cuda:0', grad_fn=<AddBackward0>)",17.71428571428571,11.532689832689833,7,3,"tensor(16363.2090, device='cuda:0', grad_fn=<AddBackward0>)",22.432432432432435,12.162998712998712,7,3,"tensor(16363.2090, device='cuda:0', grad_fn=<AddBackward0>)",27.374517374517378,12.508393312478894,7,3
26,"tensor(16296.2422, device='cuda:0', grad_fn=<AddBackward0>)",17.409266409266408,11.356628056628056,7,3,"tensor(16296.2422, device='cuda:0', grad_fn=<AddBackward0>)",22.11969111969112,11.984752099037815,7,3,"tensor(16296.2422, device='cuda:0', grad_fn=<AddBackward0>)",27.054054054054056,12.32579937058597,7,3
27,"tensor(16252.4414, device='cuda:0', grad_fn=<AddBackward0>)",17.355212355212355,11.201930501930502,7,3,"tensor(16252.4414, device='cuda:0', grad_fn=<AddBackward0>)",22.162162162162165,11.846002635288349,7,3,"tensor(16252.4414, device='cuda:0', grad_fn=<AddBackward0>)",27.03088803088803,12.183039202875559,7,3
28,"tensor(16201.2324, device='cuda:0', grad_fn=<AddBackward0>)",17.548262548262546,11.327799227799225,7,3,"tensor(16201.2324, device='cuda:0', grad_fn=<AddBackward0>)",22.212355212355213,11.952739474168045,7,3,"tensor(16201.2324, device='cuda:0', grad_fn=<AddBackward0>)",27.088803088803086,12.291686643140643,7,3
29,"tensor(16151.9902, device='cuda:0', grad_fn=<AddBackward0>)",17.16988416988417,11.103153153153153,7,3,"tensor(16151.9902, device='cuda:0', grad_fn=<AddBackward0>)",21.876447876447877,11.735593246307532,7,3,"tensor(16151.9902, device='cuda:0', grad_fn=<AddBackward0>)",26.640926640926644,12.065998722583197,7,3
