Epoch,Train Loss,Recall@5,MRR5,Best Epoch for Recall@5,Best Epoch for MRR5,Train Loss,Recall@10,MRR10,Best Epoch for Recall@10,Best Epoch for MRR10,Train Loss,Recall@20,MRR20,Best Epoch for Recall@20,Best Epoch for MRR20
0,"tensor(55317.6875, device='cuda:0', grad_fn=<AddBackward0>)",23.58784893267652,13.467515051997815,0,0,"tensor(55317.6875, device='cuda:0', grad_fn=<AddBackward0>)",34.13464696223317,14.859725154429587,0,0,"tensor(55317.6875, device='cuda:0', grad_fn=<AddBackward0>)",46.67651888341543,15.723360928169603,0,0
1,"tensor(51122.0469, device='cuda:0', grad_fn=<AddBackward0>)",24.35960591133005,14.001860974274768,1,1,"tensor(51122.0469, device='cuda:0', grad_fn=<AddBackward0>)",35.06403940886699,15.418343889279845,1,1,"tensor(51122.0469, device='cuda:0', grad_fn=<AddBackward0>)",47.90968801313629,16.305614867245744,1,1
2,"tensor(49438.2148, device='cuda:0', grad_fn=<AddBackward0>)",24.6863711001642,14.192255062944717,2,2,"tensor(49438.2148, device='cuda:0', grad_fn=<AddBackward0>)",35.72742200328407,15.653360961242734,2,2,"tensor(49438.2148, device='cuda:0', grad_fn=<AddBackward0>)",48.65024630541872,16.545249738013087,2,2
3,"tensor(48332.0234, device='cuda:0', grad_fn=<AddBackward0>)",25.110016420361248,14.429228243021347,3,3,"tensor(48332.0234, device='cuda:0', grad_fn=<AddBackward0>)",36.01806239737274,15.877558839627802,3,3,"tensor(48332.0234, device='cuda:0', grad_fn=<AddBackward0>)",48.6256157635468,16.750028523241284,2,3
4,"tensor(47131.7344, device='cuda:0', grad_fn=<AddBackward0>)",24.98357963875205,14.392911877394637,3,3,"tensor(47131.7344, device='cuda:0', grad_fn=<AddBackward0>)",35.66502463054187,15.802699585581358,3,3,"tensor(47131.7344, device='cuda:0', grad_fn=<AddBackward0>)",48.42692939244663,16.68377181397549,2,3
5,"tensor(45740.9023, device='cuda:0', grad_fn=<AddBackward0>)",24.952380952380953,14.388040503557745,3,3,"tensor(45740.9023, device='cuda:0', grad_fn=<AddBackward0>)",35.724137931034484,15.807926082310317,3,3,"tensor(45740.9023, device='cuda:0', grad_fn=<AddBackward0>)",48.24630541871921,16.670353751946998,2,3
6,"tensor(44605.5977, device='cuda:0', grad_fn=<AddBackward0>)",24.980295566502463,14.44649698960044,3,6,"tensor(44605.5977, device='cuda:0', grad_fn=<AddBackward0>)",35.592775041050906,15.853327077957616,3,3,"tensor(44605.5977, device='cuda:0', grad_fn=<AddBackward0>)",48.06732348111659,16.714683459280373,2,3
7,"tensor(43755.4648, device='cuda:0', grad_fn=<AddBackward0>)",25.00985221674877,14.542775041050904,3,7,"tensor(43755.4648, device='cuda:0', grad_fn=<AddBackward0>)",35.848932676518885,15.975215028540152,3,7,"tensor(43755.4648, device='cuda:0', grad_fn=<AddBackward0>)",48.28407224958949,16.835666528748437,2,7
8,"tensor(43063.4961, device='cuda:0', grad_fn=<AddBackward0>)",25.032840722495898,14.456458675424194,3,7,"tensor(43063.4961, device='cuda:0', grad_fn=<AddBackward0>)",35.91789819376026,15.898152057757969,3,7,"tensor(43063.4961, device='cuda:0', grad_fn=<AddBackward0>)",48.407224958949094,16.759133041910346,2,7
9,"tensor(42568.5625, device='cuda:0', grad_fn=<AddBackward0>)",25.05582922824302,14.475916803503011,3,7,"tensor(42568.5625, device='cuda:0', grad_fn=<AddBackward0>)",35.74384236453202,15.885941043083902,3,7,"tensor(42568.5625, device='cuda:0', grad_fn=<AddBackward0>)",48.35139573070607,16.75775004021241,2,7
10,"tensor(42124.9844, device='cuda:0', grad_fn=<AddBackward0>)",25.18390804597701,14.523727422003283,10,7,"tensor(42124.9844, device='cuda:0', grad_fn=<AddBackward0>)",35.9080459770115,15.937013579378112,3,7,"tensor(42124.9844, device='cuda:0', grad_fn=<AddBackward0>)",48.251231527093594,16.788573262064926,2,7
11,"tensor(41758.5703, device='cuda:0', grad_fn=<AddBackward0>)",25.17405582922824,14.55623973727422,10,11,"tensor(41758.5703, device='cuda:0', grad_fn=<AddBackward0>)",35.95566502463054,15.979245836265541,3,11,"tensor(41758.5703, device='cuda:0', grad_fn=<AddBackward0>)",48.32512315270936,16.832574752720515,2,7
12,"tensor(41447.3125, device='cuda:0', grad_fn=<AddBackward0>)",25.282430213464696,14.620087575259985,12,12,"tensor(41447.3125, device='cuda:0', grad_fn=<AddBackward0>)",35.8752052545156,16.024748481768185,3,12,"tensor(41447.3125, device='cuda:0', grad_fn=<AddBackward0>)",48.264367816091955,16.877760546364424,2,12
13,"tensor(41158.4805, device='cuda:0', grad_fn=<AddBackward0>)",25.185550082101805,14.541926655719756,12,12,"tensor(41158.4805, device='cuda:0', grad_fn=<AddBackward0>)",35.62233169129721,15.924707430865062,3,12,"tensor(41158.4805, device='cuda:0', grad_fn=<AddBackward0>)",48.03612479474548,16.778847655581327,2,12
14,"tensor(40894.4727, device='cuda:0', grad_fn=<AddBackward0>)",25.052545155993432,14.537411056376573,12,12,"tensor(40894.4727, device='cuda:0', grad_fn=<AddBackward0>)",35.714285714285715,15.952642896238958,3,12,"tensor(40894.4727, device='cuda:0', grad_fn=<AddBackward0>)",47.88013136288998,16.790534282979074,2,12
15,"tensor(40664.9492, device='cuda:0', grad_fn=<AddBackward0>)",25.06732348111658,14.485276409414341,12,12,"tensor(40664.9492, device='cuda:0', grad_fn=<AddBackward0>)",35.5303776683087,15.87519678369432,3,12,"tensor(40664.9492, device='cuda:0', grad_fn=<AddBackward0>)",47.59770114942528,16.709288900503307,2,12
16,"tensor(40429.0469, device='cuda:0', grad_fn=<AddBackward0>)",24.986863711001643,14.49712643678161,12,12,"tensor(40429.0469, device='cuda:0', grad_fn=<AddBackward0>)",35.555008210180624,15.900179842051761,3,12,"tensor(40429.0469, device='cuda:0', grad_fn=<AddBackward0>)",47.52709359605911,16.725858290045633,2,12
17,"tensor(40229.9766, device='cuda:0', grad_fn=<AddBackward0>)",25.229885057471265,14.546387520525453,12,12,"tensor(40229.9766, device='cuda:0', grad_fn=<AddBackward0>)",35.79474548440066,15.952632470612766,3,12,"tensor(40229.9766, device='cuda:0', grad_fn=<AddBackward0>)",47.89655172413793,16.78891364955359,2,12
18,"tensor(40026.2891, device='cuda:0', grad_fn=<AddBackward0>)",25.308702791461414,14.621702244116038,18,18,"tensor(40026.2891, device='cuda:0', grad_fn=<AddBackward0>)",35.84236453201971,16.019982015794827,3,12,"tensor(40026.2891, device='cuda:0', grad_fn=<AddBackward0>)",47.94088669950739,16.85532085772119,2,12
19,"tensor(39866.4805, device='cuda:0', grad_fn=<AddBackward0>)",25.18390804597701,14.503639846743296,18,18,"tensor(39866.4805, device='cuda:0', grad_fn=<AddBackward0>)",35.62889983579638,15.889092840201213,3,12,"tensor(39866.4805, device='cuda:0', grad_fn=<AddBackward0>)",47.82266009852217,16.73125760792417,2,12
20,"tensor(39708.2617, device='cuda:0', grad_fn=<AddBackward0>)",25.1559934318555,14.550164203612482,18,18,"tensor(39708.2617, device='cuda:0', grad_fn=<AddBackward0>)",35.74055829228243,15.954320770453775,3,12,"tensor(39708.2617, device='cuda:0', grad_fn=<AddBackward0>)",47.92118226600985,16.795863287364227,2,12
21,"tensor(39561.7188, device='cuda:0', grad_fn=<AddBackward0>)",25.279146141215108,14.633825944170772,18,21,"tensor(39561.7188, device='cuda:0', grad_fn=<AddBackward0>)",35.86371100164204,16.038582636119582,3,21,"tensor(39561.7188, device='cuda:0', grad_fn=<AddBackward0>)",48.01806239737274,16.879780754295577,2,21
22,"tensor(39403.7773, device='cuda:0', grad_fn=<AddBackward0>)",25.02791461412151,14.494608648056925,18,21,"tensor(39403.7773, device='cuda:0', grad_fn=<AddBackward0>)",35.489326765188835,15.881534261214064,3,21,"tensor(39403.7773, device='cuda:0', grad_fn=<AddBackward0>)",47.44006568144499,16.70923948177624,2,21
23,"tensor(39260.8828, device='cuda:0', grad_fn=<AddBackward0>)",25.34646962233169,14.635550082101807,23,23,"tensor(39260.8828, device='cuda:0', grad_fn=<AddBackward0>)",35.73891625615764,16.009186931477572,3,21,"tensor(39260.8828, device='cuda:0', grad_fn=<AddBackward0>)",47.72085385878489,16.83571060352104,2,21
24,"tensor(39153.2812, device='cuda:0', grad_fn=<AddBackward0>)",25.23481116584565,14.571565407772304,23,23,"tensor(39153.2812, device='cuda:0', grad_fn=<AddBackward0>)",35.60755336617405,15.938874553652878,3,21,"tensor(39153.2812, device='cuda:0', grad_fn=<AddBackward0>)",47.6568144499179,16.772238745075757,2,21
25,"tensor(39038.0742, device='cuda:0', grad_fn=<AddBackward0>)",25.00328407224959,14.526819923371647,23,23,"tensor(39038.0742, device='cuda:0', grad_fn=<AddBackward0>)",35.277504105090316,15.886513800922666,3,21,"tensor(39038.0742, device='cuda:0', grad_fn=<AddBackward0>)",47.35960591133005,16.72267643303632,2,21
26,"tensor(38913.3359, device='cuda:0', grad_fn=<AddBackward0>)",25.0935960591133,14.570881226053642,23,23,"tensor(38913.3359, device='cuda:0', grad_fn=<AddBackward0>)",35.444991789819376,15.942371048036073,3,21,"tensor(38913.3359, device='cuda:0', grad_fn=<AddBackward0>)",47.48275862068966,16.776089882420997,2,21
27,"tensor(38818.6484, device='cuda:0', grad_fn=<AddBackward0>)",25.02134646962233,14.487958401751508,23,23,"tensor(38818.6484, device='cuda:0', grad_fn=<AddBackward0>)",35.32676518883415,15.855438918862566,3,21,"tensor(38818.6484, device='cuda:0', grad_fn=<AddBackward0>)",47.397372742200325,16.690912216936518,2,21
28,"tensor(38724.6367, device='cuda:0', grad_fn=<AddBackward0>)",25.09688013136289,14.53440065681445,23,23,"tensor(38724.6367, device='cuda:0', grad_fn=<AddBackward0>)",35.399014778325125,15.89947741548727,3,21,"tensor(38724.6367, device='cuda:0', grad_fn=<AddBackward0>)",47.44827586206897,16.731168395500433,2,21
29,"tensor(38641.3750, device='cuda:0', grad_fn=<AddBackward0>)",25.088669950738918,14.529091406677614,23,23,"tensor(38641.3750, device='cuda:0', grad_fn=<AddBackward0>)",35.34811165845649,15.894181848984806,3,21,"tensor(38641.3750, device='cuda:0', grad_fn=<AddBackward0>)",47.635467980295566,16.745012850988232,2,21
