Epoch,Train Loss,Recall@5,MRR5,Best Epoch for Recall@5,Best Epoch for MRR5,Train Loss,Recall@10,MRR10,Best Epoch for Recall@10,Best Epoch for MRR10,Train Loss,Recall@20,MRR20,Best Epoch for Recall@20,Best Epoch for MRR20
0,"tensor(82475.1172, device='cuda:0', grad_fn=<AddBackward0>)",8.480533926585094,5.015443084909159,0,0,"tensor(82475.1172, device='cuda:0', grad_fn=<AddBackward0>)",13.018909899888765,5.609204230450058,0,0,"tensor(82475.1172, device='cuda:0', grad_fn=<AddBackward0>)",18.580645161290324,5.995675472227335,0,0
1,"tensor(74555.6641, device='cuda:0', grad_fn=<AddBackward0>)",9.161290322580646,5.2835372636262505,1,1,"tensor(74555.6641, device='cuda:0', grad_fn=<AddBackward0>)",14.058954393770856,5.927779984815579,1,1,"tensor(74555.6641, device='cuda:0', grad_fn=<AddBackward0>)",20.03337041156841,6.342265878872988,1,1
2,"tensor(71751.5859, device='cuda:0', grad_fn=<AddBackward0>)",9.111234705228032,5.294679273266592,1,2,"tensor(71751.5859, device='cuda:0', grad_fn=<AddBackward0>)",14.21913236929922,5.971455938697318,2,2,"tensor(71751.5859, device='cuda:0', grad_fn=<AddBackward0>)",20.469410456062292,6.4035531471893075,2,2
3,"tensor(70149.3359, device='cuda:0', grad_fn=<AddBackward0>)",9.416017797552836,5.395606229143493,3,3,"tensor(70149.3359, device='cuda:0', grad_fn=<AddBackward0>)",14.488320355951057,6.061374631424686,3,3,"tensor(70149.3359, device='cuda:0', grad_fn=<AddBackward0>)",20.657397107897665,6.486819694466435,3,3
4,"tensor(69071.5078, device='cuda:0', grad_fn=<AddBackward0>)",9.268075639599555,5.294920281794586,3,3,"tensor(69071.5078, device='cuda:0', grad_fn=<AddBackward0>)",14.347052280311456,5.9648326182530855,3,3,"tensor(69071.5078, device='cuda:0', grad_fn=<AddBackward0>)",20.512791991101224,6.391106907058887,3,3
5,"tensor(68262.8828, device='cuda:0', grad_fn=<AddBackward0>)",9.28587319243604,5.352428624397479,3,3,"tensor(68262.8828, device='cuda:0', grad_fn=<AddBackward0>)",14.372636262513904,6.022325070183803,3,3,"tensor(68262.8828, device='cuda:0', grad_fn=<AddBackward0>)",20.5027808676307,6.445052495811121,3,3
6,"tensor(67493.7969, device='cuda:0', grad_fn=<AddBackward0>)",9.242491657397107,5.350111234705228,3,3,"tensor(67493.7969, device='cuda:0', grad_fn=<AddBackward0>)",14.345939933259178,6.022100835143104,3,3,"tensor(67493.7969, device='cuda:0', grad_fn=<AddBackward0>)",20.538375973303673,6.448513139313074,3,3
7,"tensor(66701.4766, device='cuda:0', grad_fn=<AddBackward0>)",9.332591768631813,5.401334816462736,3,7,"tensor(66701.4766, device='cuda:0', grad_fn=<AddBackward0>)",14.410456062291436,6.069804633013754,3,7,"tensor(66701.4766, device='cuda:0', grad_fn=<AddBackward0>)",20.52947719688543,6.492085463168057,3,7
8,"tensor(65823.7422, device='cuda:0', grad_fn=<AddBackward0>)",9.449388209121246,5.417890248424175,8,8,"tensor(65823.7422, device='cuda:0', grad_fn=<AddBackward0>)",14.432703003337041,6.071575118738634,3,8,"tensor(65823.7422, device='cuda:0', grad_fn=<AddBackward0>)",20.35706340378198,6.479503572274911,3,7
9,"tensor(64856.2656, device='cuda:0', grad_fn=<AddBackward0>)",9.24916573971079,5.3999814608824614,8,8,"tensor(64856.2656, device='cuda:0', grad_fn=<AddBackward0>)",14.335928809788653,6.067609513215743,3,8,"tensor(64856.2656, device='cuda:0', grad_fn=<AddBackward0>)",20.262513904338153,6.474194947294228,3,7
10,"tensor(63919.4297, device='cuda:0', grad_fn=<AddBackward0>)",9.295884315906564,5.488542825361513,8,10,"tensor(63919.4297, device='cuda:0', grad_fn=<AddBackward0>)",14.171301446051169,6.134729064039407,3,10,"tensor(63919.4297, device='cuda:0', grad_fn=<AddBackward0>)",20.271412680756395,6.55496862601226,3,10
11,"tensor(63115.3047, device='cuda:0', grad_fn=<AddBackward0>)",9.404894327030034,5.46125324434557,8,10,"tensor(63115.3047, device='cuda:0', grad_fn=<AddBackward0>)",14.280311457174639,6.1039095467627185,3,10,"tensor(63115.3047, device='cuda:0', grad_fn=<AddBackward0>)",20.062291434927698,6.5028367832815155,3,10
12,"tensor(62429.5234, device='cuda:0', grad_fn=<AddBackward0>)",9.398220244716352,5.4753615127919915,8,10,"tensor(62429.5234, device='cuda:0', grad_fn=<AddBackward0>)",14.234705228031148,6.112788901248301,3,10,"tensor(62429.5234, device='cuda:0', grad_fn=<AddBackward0>)",19.994438264738598,6.50993967359257,3,10
13,"tensor(61836.3047, device='cuda:0', grad_fn=<AddBackward0>)",9.253615127919911,5.418335187245088,8,10,"tensor(61836.3047, device='cuda:0', grad_fn=<AddBackward0>)",14.134593993325916,6.061910941610608,3,10,"tensor(61836.3047, device='cuda:0', grad_fn=<AddBackward0>)",19.795328142380423,6.451918775557443,3,10
14,"tensor(61337.2070, device='cuda:0', grad_fn=<AddBackward0>)",9.385984427141269,5.498220244716352,8,14,"tensor(61337.2070, device='cuda:0', grad_fn=<AddBackward0>)",14.129032258064516,6.127765859773646,3,10,"tensor(61337.2070, device='cuda:0', grad_fn=<AddBackward0>)",19.759733036707452,6.516405753356468,3,10
15,"tensor(60896.7109, device='cuda:0', grad_fn=<AddBackward0>)",9.447163515016685,5.518631813125696,8,15,"tensor(60896.7109, device='cuda:0', grad_fn=<AddBackward0>)",14.080088987764183,6.131821953846425,3,10,"tensor(60896.7109, device='cuda:0', grad_fn=<AddBackward0>)",19.652947719688544,6.515892372773342,3,10
16,"tensor(60481.6367, device='cuda:0', grad_fn=<AddBackward0>)",9.424916573971078,5.471876158694846,8,15,"tensor(60481.6367, device='cuda:0', grad_fn=<AddBackward0>)",14.014460511679644,6.07991198333245,3,10,"tensor(60481.6367, device='cuda:0', grad_fn=<AddBackward0>)",19.600667408231367,6.4663481129440035,3,10
17,"tensor(60191.1680, device='cuda:0', grad_fn=<AddBackward0>)",9.371523915461625,5.509047089358546,8,15,"tensor(60191.1680, device='cuda:0', grad_fn=<AddBackward0>)",14.018909899888765,6.120596076769602,3,10,"tensor(60191.1680, device='cuda:0', grad_fn=<AddBackward0>)",19.451612903225808,6.493570506131978,3,10
18,"tensor(59852.6406, device='cuda:0', grad_fn=<AddBackward0>)",9.363737486095662,5.536243974786801,8,18,"tensor(59852.6406, device='cuda:0', grad_fn=<AddBackward0>)",13.962180200222468,6.14008466197009,3,18,"tensor(59852.6406, device='cuda:0', grad_fn=<AddBackward0>)",19.35483870967742,6.511234305797624,3,10
19,"tensor(59575.5938, device='cuda:0', grad_fn=<AddBackward0>)",9.464961067853169,5.517556544308491,19,18,"tensor(59575.5938, device='cuda:0', grad_fn=<AddBackward0>)",13.918798665183537,6.106917739287039,3,18,"tensor(59575.5938, device='cuda:0', grad_fn=<AddBackward0>)",19.224694104560623,6.471009659507931,3,10
20,"tensor(59318.8633, device='cuda:0', grad_fn=<AddBackward0>)",9.384872080088988,5.539692250648869,19,20,"tensor(59318.8633, device='cuda:0', grad_fn=<AddBackward0>)",13.9377085650723,6.141756272401434,3,20,"tensor(59318.8633, device='cuda:0', grad_fn=<AddBackward0>)",19.25583982202447,6.5084933125581985,3,10
21,"tensor(59123.0547, device='cuda:0', grad_fn=<AddBackward0>)",9.39043381535039,5.536725991842789,19,20,"tensor(59123.0547, device='cuda:0', grad_fn=<AddBackward0>)",13.958843159065628,6.142605099140138,3,21,"tensor(59123.0547, device='cuda:0', grad_fn=<AddBackward0>)",19.220244716351502,6.505029649668559,3,10
22,"tensor(58888.5078, device='cuda:0', grad_fn=<AddBackward0>)",9.4293659621802,5.512402669632925,19,20,"tensor(58888.5078, device='cuda:0', grad_fn=<AddBackward0>)",13.766407119021135,6.085134717587442,3,21,"tensor(58888.5078, device='cuda:0', grad_fn=<AddBackward0>)",19.130144605116797,6.4540036729136165,3,10
23,"tensor(58685.3828, device='cuda:0', grad_fn=<AddBackward0>)",9.332591768631813,5.547478680014831,19,23,"tensor(58685.3828, device='cuda:0', grad_fn=<AddBackward0>)",13.725250278086762,6.127127584441268,3,21,"tensor(58685.3828, device='cuda:0', grad_fn=<AddBackward0>)",18.92769744160178,6.483604956226497,3,10
24,"tensor(58490.4922, device='cuda:0', grad_fn=<AddBackward0>)",9.335928809788655,5.547664071190211,19,24,"tensor(58490.4922, device='cuda:0', grad_fn=<AddBackward0>)",13.706340378197998,6.127738492504899,3,21,"tensor(58490.4922, device='cuda:0', grad_fn=<AddBackward0>)",18.988876529477196,6.491142797037116,3,10
25,"tensor(58319.5703, device='cuda:0', grad_fn=<AddBackward0>)",9.327030033370413,5.522172784575454,19,24,"tensor(58319.5703, device='cuda:0', grad_fn=<AddBackward0>)",13.68298109010011,6.0971048078111485,3,21,"tensor(58319.5703, device='cuda:0', grad_fn=<AddBackward0>)",18.916573971078975,6.457755247771674,3,10
26,"tensor(58150.5547, device='cuda:0', grad_fn=<AddBackward0>)",9.24916573971079,5.532851316277345,19,24,"tensor(58150.5547, device='cuda:0', grad_fn=<AddBackward0>)",13.635150166852059,6.111608577431714,3,21,"tensor(58150.5547, device='cuda:0', grad_fn=<AddBackward0>)",18.832035595105673,6.47112080777415,3,10
27,"tensor(58037.7578, device='cuda:0', grad_fn=<AddBackward0>)",9.265850945494995,5.502169076751947,19,24,"tensor(58037.7578, device='cuda:0', grad_fn=<AddBackward0>)",13.646273637374861,6.081585800801595,3,21,"tensor(58037.7578, device='cuda:0', grad_fn=<AddBackward0>)",18.79310344827586,6.436361086412873,3,10
28,"tensor(57892.5820, device='cuda:0', grad_fn=<AddBackward0>)",9.292547274749722,5.495736002966258,19,24,"tensor(57892.5820, device='cuda:0', grad_fn=<AddBackward0>)",13.733036707452726,6.082929445415542,3,21,"tensor(57892.5820, device='cuda:0', grad_fn=<AddBackward0>)",18.89877641824249,6.438856708085461,3,10
29,"tensor(57782.5312, device='cuda:0', grad_fn=<AddBackward0>)",9.240266963292546,5.486373748609566,19,24,"tensor(57782.5312, device='cuda:0', grad_fn=<AddBackward0>)",13.572858731924361,6.0597767360559365,3,21,"tensor(57782.5312, device='cuda:0', grad_fn=<AddBackward0>)",18.69076751946607,6.411268040773477,3,10
