Epoch,Train Loss,Recall@5,MRR5,Best Epoch for Recall@5,Best Epoch for MRR5,Train Loss,Recall@10,MRR10,Best Epoch for Recall@10,Best Epoch for MRR10,Train Loss,Recall@20,MRR20,Best Epoch for Recall@20,Best Epoch for MRR20
0,"tensor(35228.2070, device='cuda:0', grad_fn=<AddBackward0>)",33.171052631578945,23.334539473684213,0,0,"tensor(35228.2070, device='cuda:0', grad_fn=<AddBackward0>)",39.82236842105264,24.229148391812867,0,0,"tensor(35228.2070, device='cuda:0', grad_fn=<AddBackward0>)",46.93421052631579,24.72422734796706,0,0
1,"tensor(30325.4570, device='cuda:0', grad_fn=<AddBackward0>)",34.68421052631579,23.818311403508773,1,1,"tensor(30325.4570, device='cuda:0', grad_fn=<AddBackward0>)",41.94078947368421,24.790053258145363,1,1,"tensor(30325.4570, device='cuda:0', grad_fn=<AddBackward0>)",48.868421052631575,25.2687943066701,1,1
2,"tensor(28490.0391, device='cuda:0', grad_fn=<AddBackward0>)",35.64473684210526,24.37247807017544,2,2,"tensor(28490.0391, device='cuda:0', grad_fn=<AddBackward0>)",42.625,25.302268692564745,2,2,"tensor(28490.0391, device='cuda:0', grad_fn=<AddBackward0>)",49.86184210526316,25.811333783888063,2,2
3,"tensor(27481.5273, device='cuda:0', grad_fn=<AddBackward0>)",35.9078947368421,24.453179824561403,3,3,"tensor(27481.5273, device='cuda:0', grad_fn=<AddBackward0>)",43.13157894736842,25.433536967418547,3,3,"tensor(27481.5273, device='cuda:0', grad_fn=<AddBackward0>)",50.27631578947368,25.93090083039799,3,3
4,"tensor(26779.3770, device='cuda:0', grad_fn=<AddBackward0>)",36.03947368421053,24.73969298245614,4,4,"tensor(26779.3770, device='cuda:0', grad_fn=<AddBackward0>)",43.2171052631579,25.69824561403509,4,4,"tensor(26779.3770, device='cuda:0', grad_fn=<AddBackward0>)",50.190789473684205,26.185810012259974,3,4
5,"tensor(26281.1699, device='cuda:0', grad_fn=<AddBackward0>)",36.118421052631575,24.785855263157895,5,5,"tensor(26281.1699, device='cuda:0', grad_fn=<AddBackward0>)",43.401315789473685,25.76016081871345,5,5,"tensor(26281.1699, device='cuda:0', grad_fn=<AddBackward0>)",50.44736842105263,26.2502881893456,5,5
6,"tensor(25869.6465, device='cuda:0', grad_fn=<AddBackward0>)",36.11184210526316,24.671491228070174,5,5,"tensor(25869.6465, device='cuda:0', grad_fn=<AddBackward0>)",43.25,25.631184732664998,5,5,"tensor(25869.6465, device='cuda:0', grad_fn=<AddBackward0>)",50.473684210526315,26.13673896532378,6,5
7,"tensor(25515.9590, device='cuda:0', grad_fn=<AddBackward0>)",36.026315789473685,24.775328947368422,5,5,"tensor(25515.9590, device='cuda:0', grad_fn=<AddBackward0>)",43.125,25.739374477861322,5,5,"tensor(25515.9590, device='cuda:0', grad_fn=<AddBackward0>)",50.565789473684205,26.25803855437354,7,7
8,"tensor(25193.0332, device='cuda:0', grad_fn=<AddBackward0>)",35.8421052631579,24.682456140350876,5,5,"tensor(25193.0332, device='cuda:0', grad_fn=<AddBackward0>)",42.88157894736842,25.62762113617377,5,5,"tensor(25193.0332, device='cuda:0', grad_fn=<AddBackward0>)",50.151315789473685,26.129237459222338,7,7
9,"tensor(24871.6582, device='cuda:0', grad_fn=<AddBackward0>)",35.828947368421055,24.601644736842104,5,5,"tensor(24871.6582, device='cuda:0', grad_fn=<AddBackward0>)",42.828947368421055,25.531811299081035,5,5,"tensor(24871.6582, device='cuda:0', grad_fn=<AddBackward0>)",50.065789473684205,26.03282722615,7,7
10,"tensor(24597.2715, device='cuda:0', grad_fn=<AddBackward0>)",35.73684210526316,24.515350877192983,5,5,"tensor(24597.2715, device='cuda:0', grad_fn=<AddBackward0>)",42.651315789473685,25.43449248120301,5,5,"tensor(24597.2715, device='cuda:0', grad_fn=<AddBackward0>)",50.05263157894737,25.950890339541143,7,7
11,"tensor(24303.1582, device='cuda:0', grad_fn=<AddBackward0>)",35.625,24.57510964912281,5,5,"tensor(24303.1582, device='cuda:0', grad_fn=<AddBackward0>)",42.75,25.528850772765242,5,5,"tensor(24303.1582, device='cuda:0', grad_fn=<AddBackward0>)",49.67105263157895,26.008960266605236,7,7
12,"tensor(24007.3262, device='cuda:0', grad_fn=<AddBackward0>)",36.006578947368425,24.676535087719294,5,5,"tensor(24007.3262, device='cuda:0', grad_fn=<AddBackward0>)",42.723684210526315,25.56926169590643,5,5,"tensor(24007.3262, device='cuda:0', grad_fn=<AddBackward0>)",49.57894736842105,26.047408986307268,7,7
13,"tensor(23701.9941, device='cuda:0', grad_fn=<AddBackward0>)",35.89473684210526,24.590131578947368,5,5,"tensor(23701.9941, device='cuda:0', grad_fn=<AddBackward0>)",42.66447368421053,25.490656328320803,5,5,"tensor(23701.9941, device='cuda:0', grad_fn=<AddBackward0>)",49.56578947368421,25.974061099549424,7,7
14,"tensor(23459.6055, device='cuda:0', grad_fn=<AddBackward0>)",35.723684210526315,24.586293859649125,5,5,"tensor(23459.6055, device='cuda:0', grad_fn=<AddBackward0>)",42.796052631578945,25.538426796157054,5,5,"tensor(23459.6055, device='cuda:0', grad_fn=<AddBackward0>)",49.46052631578947,26.001660590633723,7,7
15,"tensor(23212.3809, device='cuda:0', grad_fn=<AddBackward0>)",35.828947368421055,24.638706140350873,5,5,"tensor(23212.3809, device='cuda:0', grad_fn=<AddBackward0>)",42.73684210526316,25.56235380116959,5,5,"tensor(23212.3809, device='cuda:0', grad_fn=<AddBackward0>)",49.69736842105263,26.04537739926392,7,7
16,"tensor(22984.8535, device='cuda:0', grad_fn=<AddBackward0>)",35.546052631578945,24.409320175438598,5,5,"tensor(22984.8535, device='cuda:0', grad_fn=<AddBackward0>)",42.36184210526316,25.326451545530492,5,5,"tensor(22984.8535, device='cuda:0', grad_fn=<AddBackward0>)",49.2828947368421,25.805073648565735,7,7
17,"tensor(22801.3516, device='cuda:0', grad_fn=<AddBackward0>)",35.69736842105263,24.44265350877193,5,5,"tensor(22801.3516, device='cuda:0', grad_fn=<AddBackward0>)",42.618421052631575,25.376798767752717,5,5,"tensor(22801.3516, device='cuda:0', grad_fn=<AddBackward0>)",49.42105263157895,25.846039564235802,7,7
18,"tensor(22649.5957, device='cuda:0', grad_fn=<AddBackward0>)",35.618421052631575,24.601973684210527,5,5,"tensor(22649.5957, device='cuda:0', grad_fn=<AddBackward0>)",42.61184210526316,25.55056390977444,5,5,"tensor(22649.5957, device='cuda:0', grad_fn=<AddBackward0>)",49.184210526315795,26.009030747159617,7,7
19,"tensor(22470.6621, device='cuda:0', grad_fn=<AddBackward0>)",35.80263157894737,24.469298245614034,5,5,"tensor(22470.6621, device='cuda:0', grad_fn=<AddBackward0>)",42.421052631578945,25.360706453634087,5,5,"tensor(22470.6621, device='cuda:0', grad_fn=<AddBackward0>)",49.28947368421053,25.84051092625238,7,7
20,"tensor(22328.2148, device='cuda:0', grad_fn=<AddBackward0>)",35.88815789473684,24.481688596491228,5,5,"tensor(22328.2148, device='cuda:0', grad_fn=<AddBackward0>)",42.776315789473685,25.40561299081036,5,5,"tensor(22328.2148, device='cuda:0', grad_fn=<AddBackward0>)",49.32236842105263,25.859279272352126,7,7
21,"tensor(22209.0391, device='cuda:0', grad_fn=<AddBackward0>)",35.796052631578945,24.390570175438594,5,5,"tensor(22209.0391, device='cuda:0', grad_fn=<AddBackward0>)",42.63815789473684,25.31214233500418,5,5,"tensor(22209.0391, device='cuda:0', grad_fn=<AddBackward0>)",49.26973684210526,25.77119029092841,7,7
22,"tensor(22071.4922, device='cuda:0', grad_fn=<AddBackward0>)",35.93421052631579,24.475219298245616,5,5,"tensor(22071.4922, device='cuda:0', grad_fn=<AddBackward0>)",42.63157894736842,25.38005430242272,5,5,"tensor(22071.4922, device='cuda:0', grad_fn=<AddBackward0>)",49.453947368421055,25.847169920603857,7,7
23,"tensor(21971.4258, device='cuda:0', grad_fn=<AddBackward0>)",35.756578947368425,24.46370614035088,5,5,"tensor(21971.4258, device='cuda:0', grad_fn=<AddBackward0>)",42.703947368421055,25.394232978279028,5,5,"tensor(21971.4258, device='cuda:0', grad_fn=<AddBackward0>)",49.55263157894737,25.86639819388083,7,7
24,"tensor(21841.6621, device='cuda:0', grad_fn=<AddBackward0>)",35.73026315789474,24.47609649122807,5,5,"tensor(21841.6621, device='cuda:0', grad_fn=<AddBackward0>)",42.578947368421055,25.39497441520468,5,5,"tensor(21841.6621, device='cuda:0', grad_fn=<AddBackward0>)",49.203947368421055,25.854602343713218,7,7
25,"tensor(21758.6504, device='cuda:0', grad_fn=<AddBackward0>)",35.67763157894737,24.297039473684208,5,5,"tensor(21758.6504, device='cuda:0', grad_fn=<AddBackward0>)",42.375,25.19074509189641,5,5,"tensor(21758.6504, device='cuda:0', grad_fn=<AddBackward0>)",49.171052631578945,25.660900743902417,7,7
26,"tensor(21639.5352, device='cuda:0', grad_fn=<AddBackward0>)",35.421052631578945,24.322697368421053,5,5,"tensor(21639.5352, device='cuda:0', grad_fn=<AddBackward0>)",42.34210526315789,25.251908416875523,5,5,"tensor(21639.5352, device='cuda:0', grad_fn=<AddBackward0>)",48.96052631578947,25.70903745137211,7,7
27,"tensor(21538.3320, device='cuda:0', grad_fn=<AddBackward0>)",35.375,24.321381578947367,5,5,"tensor(21538.3320, device='cuda:0', grad_fn=<AddBackward0>)",42.23026315789474,25.241969507101086,5,5,"tensor(21538.3320, device='cuda:0', grad_fn=<AddBackward0>)",48.796052631578945,25.69538785842889,7,7
28,"tensor(21484.6465, device='cuda:0', grad_fn=<AddBackward0>)",35.64473684210526,24.31513157894737,5,5,"tensor(21484.6465, device='cuda:0', grad_fn=<AddBackward0>)",42.4078947368421,25.21852025898078,5,5,"tensor(21484.6465, device='cuda:0', grad_fn=<AddBackward0>)",49.006578947368425,25.674152464407523,7,7
29,"tensor(21381.8672, device='cuda:0', grad_fn=<AddBackward0>)",35.56578947368421,24.34440789473684,5,5,"tensor(21381.8672, device='cuda:0', grad_fn=<AddBackward0>)",42.35526315789473,25.25808531746032,5,5,"tensor(21381.8672, device='cuda:0', grad_fn=<AddBackward0>)",49.13815789473684,25.73231060262972,7,7
