Epoch,Train Loss,Recall@5,MRR5,Best Epoch for Recall@5,Best Epoch for MRR5,Train Loss,Recall@10,MRR10,Best Epoch for Recall@10,Best Epoch for MRR10,Train Loss,Recall@20,MRR20,Best Epoch for Recall@20,Best Epoch for MRR20
0,"tensor(75705.4141, device='cuda:0', grad_fn=<AddBackward0>)",11.0,6.440915832406377,0,0,"tensor(75705.4141, device='cuda:0', grad_fn=<AddBackward0>)",15.637374860956617,7.057718011194096,0,0,"tensor(75705.4141, device='cuda:0', grad_fn=<AddBackward0>)",20.92992213570634,7.422817307957358,0,0
1,"tensor(65888.7422, device='cuda:0', grad_fn=<AddBackward0>)",11.696329254727475,6.809992584352983,1,1,"tensor(65888.7422, device='cuda:0', grad_fn=<AddBackward0>)",16.510567296996662,7.44858087469322,1,1,"tensor(65888.7422, device='cuda:0', grad_fn=<AddBackward0>)",22.08008898776418,7.834816769210204,1,1
2,"tensor(63706.7461, device='cuda:0', grad_fn=<AddBackward0>)",12.085650723025584,6.96998516870597,2,2,"tensor(63706.7461, device='cuda:0', grad_fn=<AddBackward0>)",17.012235817575082,7.623575136394936,2,2,"tensor(63706.7461, device='cuda:0', grad_fn=<AddBackward0>)",22.558398220244715,8.005383063928164,2,2
3,"tensor(62516.5820, device='cuda:0', grad_fn=<AddBackward0>)",12.047830923248053,6.995847237671487,2,3,"tensor(62516.5820, device='cuda:0', grad_fn=<AddBackward0>)",17.11012235817575,7.6668626516234974,3,3,"tensor(62516.5820, device='cuda:0', grad_fn=<AddBackward0>)",22.690767519466075,8.053747713753197,3,3
4,"tensor(61725.7656, device='cuda:0', grad_fn=<AddBackward0>)",12.162402669632925,7.024286243974787,4,4,"tensor(61725.7656, device='cuda:0', grad_fn=<AddBackward0>)",17.235817575083427,7.703598795840176,4,4,"tensor(61725.7656, device='cuda:0', grad_fn=<AddBackward0>)",22.840934371523915,8.089810860369523,4,4
5,"tensor(61117.7383, device='cuda:0', grad_fn=<AddBackward0>)",12.293659621802004,7.1088431590656285,5,5,"tensor(61117.7383, device='cuda:0', grad_fn=<AddBackward0>)",17.272525027808676,7.76943120221763,5,5,"tensor(61117.7383, device='cuda:0', grad_fn=<AddBackward0>)",22.837597330367075,8.15336279634046,4,5
6,"tensor(60592.2969, device='cuda:0', grad_fn=<AddBackward0>)",12.313681868743048,7.067797552836484,6,5,"tensor(60592.2969, device='cuda:0', grad_fn=<AddBackward0>)",17.401557285873192,7.746871303211682,6,5,"tensor(60592.2969, device='cuda:0', grad_fn=<AddBackward0>)",22.97107897664071,8.132273619179951,6,5
7,"tensor(60194.7891, device='cuda:0', grad_fn=<AddBackward0>)",12.471635150166852,7.0989988876529475,7,5,"tensor(60194.7891, device='cuda:0', grad_fn=<AddBackward0>)",17.409343715239153,7.754448505393999,7,5,"tensor(60194.7891, device='cuda:0', grad_fn=<AddBackward0>)",23.051167964404897,8.144827696909989,7,5
8,"tensor(59844.6797, device='cuda:0', grad_fn=<AddBackward0>)",12.43047830923248,7.0863181312569505,7,5,"tensor(59844.6797, device='cuda:0', grad_fn=<AddBackward0>)",17.478309232480534,7.757176404117448,8,5,"tensor(59844.6797, device='cuda:0', grad_fn=<AddBackward0>)",23.12124582869855,8.146843380888862,8,5
9,"tensor(59533.8984, device='cuda:0', grad_fn=<AddBackward0>)",12.39599555061179,7.099833147942157,7,5,"tensor(59533.8984, device='cuda:0', grad_fn=<AddBackward0>)",17.56284760845384,7.788403781979977,9,9,"tensor(59533.8984, device='cuda:0', grad_fn=<AddBackward0>)",23.231368186874306,8.180346889886215,9,9
10,"tensor(59277.4180, device='cuda:0', grad_fn=<AddBackward0>)",12.43047830923248,7.078179458657767,7,5,"tensor(59277.4180, device='cuda:0', grad_fn=<AddBackward0>)",17.473859844271413,7.7504767201652625,9,9,"tensor(59277.4180, device='cuda:0', grad_fn=<AddBackward0>)",23.21802002224694,8.144949289115708,9,9
11,"tensor(59042.7188, device='cuda:0', grad_fn=<AddBackward0>)",12.424916573971078,7.099796069707083,7,5,"tensor(59042.7188, device='cuda:0', grad_fn=<AddBackward0>)",17.474972191323694,7.769869961332699,9,9,"tensor(59042.7188, device='cuda:0', grad_fn=<AddBackward0>)",23.190211345939936,8.164913615570434,9,9
12,"tensor(58831.6562, device='cuda:0', grad_fn=<AddBackward0>)",12.338153503893215,7.107693733778272,7,5,"tensor(58831.6562, device='cuda:0', grad_fn=<AddBackward0>)",17.47274749721913,7.790225470981866,9,12,"tensor(58831.6562, device='cuda:0', grad_fn=<AddBackward0>)",23.166852057842046,8.183910535993862,9,12
13,"tensor(58638.6484, device='cuda:0', grad_fn=<AddBackward0>)",12.359288097886541,7.093214682981089,7,5,"tensor(58638.6484, device='cuda:0', grad_fn=<AddBackward0>)",17.516129032258064,7.776895845472041,9,12,"tensor(58638.6484, device='cuda:0', grad_fn=<AddBackward0>)",23.219132369299224,8.169778756858525,9,12
14,"tensor(58424.0039, device='cuda:0', grad_fn=<AddBackward0>)",12.338153503893215,7.0406562847608445,7,5,"tensor(58424.0039, device='cuda:0', grad_fn=<AddBackward0>)",17.4349276974416,7.718012518318412,9,12,"tensor(58424.0039, device='cuda:0', grad_fn=<AddBackward0>)",23.149054505005562,8.111550832035752,9,12
15,"tensor(58269.2109, device='cuda:0', grad_fn=<AddBackward0>)",12.403781979977753,7.120040786058582,7,15,"tensor(58269.2109, device='cuda:0', grad_fn=<AddBackward0>)",17.589543937708566,7.807063403781979,15,15,"tensor(58269.2109, device='cuda:0', grad_fn=<AddBackward0>)",23.25250278086763,8.197893426397105,15,15
16,"tensor(58162.7070, device='cuda:0', grad_fn=<AddBackward0>)",12.419354838709678,7.109899888765295,7,15,"tensor(58162.7070, device='cuda:0', grad_fn=<AddBackward0>)",17.549499443826473,7.791837932800111,15,15,"tensor(58162.7070, device='cuda:0', grad_fn=<AddBackward0>)",23.190211345939936,8.179615791147265,15,15
17,"tensor(58010.0273, device='cuda:0', grad_fn=<AddBackward0>)",12.365962180200222,7.064682981090099,7,15,"tensor(58010.0273, device='cuda:0', grad_fn=<AddBackward0>)",17.42825361512792,7.738187050867806,15,15,"tensor(58010.0273, device='cuda:0', grad_fn=<AddBackward0>)",23.095661846496107,8.12805487820438,15,15
18,"tensor(57904.6289, device='cuda:0', grad_fn=<AddBackward0>)",12.304783092324806,7.008676307007784,7,15,"tensor(57904.6289, device='cuda:0', grad_fn=<AddBackward0>)",17.385984427141267,7.685012889100763,15,15,"tensor(57904.6289, device='cuda:0', grad_fn=<AddBackward0>)",23.114571746384872,8.080934514687748,15,15
19,"tensor(57766.1250, device='cuda:0', grad_fn=<AddBackward0>)",12.372636262513904,7.053911753800519,7,15,"tensor(57766.1250, device='cuda:0', grad_fn=<AddBackward0>)",17.383759733036708,7.718927114783623,15,15,"tensor(57766.1250, device='cuda:0', grad_fn=<AddBackward0>)",23.024471635150167,8.10806782107604,15,15
20,"tensor(57657.8398, device='cuda:0', grad_fn=<AddBackward0>)",12.28476084538376,7.005561735261402,7,15,"tensor(57657.8398, device='cuda:0', grad_fn=<AddBackward0>)",17.39822024471635,7.685531984391829,15,15,"tensor(57657.8398, device='cuda:0', grad_fn=<AddBackward0>)",23.10901001112347,8.078838243907532,15,15
21,"tensor(57531.2695, device='cuda:0', grad_fn=<AddBackward0>)",12.25139043381535,7.068928439006304,7,15,"tensor(57531.2695, device='cuda:0', grad_fn=<AddBackward0>)",17.311457174638488,7.745255310132952,15,15,"tensor(57531.2695, device='cuda:0', grad_fn=<AddBackward0>)",22.95995550611791,8.135566155213331,15,15
22,"tensor(57432.3672, device='cuda:0', grad_fn=<AddBackward0>)",12.238042269187986,7.054894327030034,7,15,"tensor(57432.3672, device='cuda:0', grad_fn=<AddBackward0>)",17.298109010011125,7.727244557444781,15,15,"tensor(57432.3672, device='cuda:0', grad_fn=<AddBackward0>)",22.943270300333705,8.116527562252216,15,15
23,"tensor(57351.5547, device='cuda:0', grad_fn=<AddBackward0>)",12.25139043381535,7.041249536522061,7,15,"tensor(57351.5547, device='cuda:0', grad_fn=<AddBackward0>)",17.328142380422694,7.7165196779490435,15,15,"tensor(57351.5547, device='cuda:0', grad_fn=<AddBackward0>)",23.014460511679644,8.10783182626859,15,15
24,"tensor(57250.3477, device='cuda:0', grad_fn=<AddBackward0>)",12.211345939933258,7.016166110493141,7,15,"tensor(57250.3477, device='cuda:0', grad_fn=<AddBackward0>)",17.285873192436043,7.691327665660258,15,15,"tensor(57250.3477, device='cuda:0', grad_fn=<AddBackward0>)",22.878754171301445,8.077222621450986,15,15
25,"tensor(57178.7656, device='cuda:0', grad_fn=<AddBackward0>)",12.150166852057842,6.961086392287728,7,15,"tensor(57178.7656, device='cuda:0', grad_fn=<AddBackward0>)",17.273637374860957,7.641680350301041,15,15,"tensor(57178.7656, device='cuda:0', grad_fn=<AddBackward0>)",22.90211345939933,8.029139126744482,15,15
26,"tensor(57086.1953, device='cuda:0', grad_fn=<AddBackward0>)",12.183537263626251,6.975862068965519,7,15,"tensor(57086.1953, device='cuda:0', grad_fn=<AddBackward0>)",17.27474972191324,7.653316295001502,15,15,"tensor(57086.1953, device='cuda:0', grad_fn=<AddBackward0>)",22.866518353726363,8.038705848510515,15,15
27,"tensor(56986.5508, device='cuda:0', grad_fn=<AddBackward0>)",12.131256952169077,6.954263997033741,7,15,"tensor(56986.5508, device='cuda:0', grad_fn=<AddBackward0>)",17.165739710789765,7.625568091530272,15,15,"tensor(56986.5508, device='cuda:0', grad_fn=<AddBackward0>)",22.83092324805339,8.015251975547255,15,15
28,"tensor(56923.1172, device='cuda:0', grad_fn=<AddBackward0>)",12.060066740823137,6.937912495365222,7,15,"tensor(56923.1172, device='cuda:0', grad_fn=<AddBackward0>)",17.14015572858732,7.613252379186751,15,15,"tensor(56923.1172, device='cuda:0', grad_fn=<AddBackward0>)",22.82313681868743,8.003960602758934,15,15
29,"tensor(56858.2852, device='cuda:0', grad_fn=<AddBackward0>)",12.174638487208009,7.013051538746755,7,15,"tensor(56858.2852, device='cuda:0', grad_fn=<AddBackward0>)",17.225806451612904,7.683408814026166,15,15,"tensor(56858.2852, device='cuda:0', grad_fn=<AddBackward0>)",22.798665183537263,8.067645577519809,15,15
