Epoch,Train Loss,Recall@5,MRR5,Best Epoch for Recall@5,Best Epoch for MRR5,Train Loss,Recall@10,MRR10,Best Epoch for Recall@10,Best Epoch for MRR10,Train Loss,Recall@20,MRR20,Best Epoch for Recall@20,Best Epoch for MRR20
0,"tensor(26788.7754, device='cuda:0', grad_fn=<AddBackward0>)",38.03947368421053,25.92171052631579,0,0,"tensor(26788.7754, device='cuda:0', grad_fn=<AddBackward0>)",46.059210526315795,26.985424498746863,0,0,"tensor(26788.7754, device='cuda:0', grad_fn=<AddBackward0>)",53.85526315789474,27.524806372536588,0,0
1,"tensor(22880.0840, device='cuda:0', grad_fn=<AddBackward0>)",39.69736842105263,26.551315789473684,1,1,"tensor(22880.0840, device='cuda:0', grad_fn=<AddBackward0>)",47.89473684210526,27.64501618629908,1,1,"tensor(22880.0840, device='cuda:0', grad_fn=<AddBackward0>)",55.64473684210526,28.180479672885365,1,1
2,"tensor(22050.5039, device='cuda:0', grad_fn=<AddBackward0>)",40.20394736842105,27.062280701754382,2,2,"tensor(22050.5039, device='cuda:0', grad_fn=<AddBackward0>)",48.08552631578947,28.117810150375938,2,2,"tensor(22050.5039, device='cuda:0', grad_fn=<AddBackward0>)",55.94078947368422,28.665256196332045,2,2
3,"tensor(21596.0020, device='cuda:0', grad_fn=<AddBackward0>)",40.4078947368421,27.363815789473684,3,3,"tensor(21596.0020, device='cuda:0', grad_fn=<AddBackward0>)",48.51973684210527,28.45417188805347,3,3,"tensor(21596.0020, device='cuda:0', grad_fn=<AddBackward0>)",56.348684210526315,28.996093205057534,3,3
4,"tensor(21264.3770, device='cuda:0', grad_fn=<AddBackward0>)",40.61184210526316,27.56732456140351,4,4,"tensor(21264.3770, device='cuda:0', grad_fn=<AddBackward0>)",48.30263157894737,28.59951702172097,3,4,"tensor(21264.3770, device='cuda:0', grad_fn=<AddBackward0>)",56.328947368421055,29.156798558124024,3,4
5,"tensor(21019.9160, device='cuda:0', grad_fn=<AddBackward0>)",40.76315789473684,27.302521929824564,5,4,"tensor(21019.9160, device='cuda:0', grad_fn=<AddBackward0>)",48.55921052631579,28.33890455304929,5,4,"tensor(21019.9160, device='cuda:0', grad_fn=<AddBackward0>)",56.51973684210526,28.891630308314202,5,4
6,"tensor(20823.1387, device='cuda:0', grad_fn=<AddBackward0>)",40.44736842105263,27.640350877192986,5,6,"tensor(20823.1387, device='cuda:0', grad_fn=<AddBackward0>)",48.51315789473684,28.720180659983292,5,6,"tensor(20823.1387, device='cuda:0', grad_fn=<AddBackward0>)",56.546052631578945,29.272084721388637,6,6
7,"tensor(20650.9297, device='cuda:0', grad_fn=<AddBackward0>)",40.39473684210526,27.555263157894732,5,6,"tensor(20650.9297, device='cuda:0', grad_fn=<AddBackward0>)",48.43421052631579,28.64385442773601,5,6,"tensor(20650.9297, device='cuda:0', grad_fn=<AddBackward0>)",56.21052631578948,29.184799318277864,6,6
8,"tensor(20511.1816, device='cuda:0', grad_fn=<AddBackward0>)",40.401315789473685,27.75526315789474,5,8,"tensor(20511.1816, device='cuda:0', grad_fn=<AddBackward0>)",48.42763157894737,28.83661236424394,5,8,"tensor(20511.1816, device='cuda:0', grad_fn=<AddBackward0>)",56.14473684210526,29.373950258604303,6,8
9,"tensor(20392.3184, device='cuda:0', grad_fn=<AddBackward0>)",40.21052631578947,27.691885964912284,5,8,"tensor(20392.3184, device='cuda:0', grad_fn=<AddBackward0>)",48.38815789473684,28.794747284878863,5,8,"tensor(20392.3184, device='cuda:0', grad_fn=<AddBackward0>)",56.21052631578948,29.336011094519428,6,8
10,"tensor(20295.6445, device='cuda:0', grad_fn=<AddBackward0>)",40.35526315789474,27.686842105263153,5,8,"tensor(20295.6445, device='cuda:0', grad_fn=<AddBackward0>)",48.348684210526315,28.75347744360902,5,8,"tensor(20295.6445, device='cuda:0', grad_fn=<AddBackward0>)",56.16447368421053,29.299068708904798,6,8
11,"tensor(20195.8926, device='cuda:0', grad_fn=<AddBackward0>)",40.171052631578945,27.612938596491233,5,8,"tensor(20195.8926, device='cuda:0', grad_fn=<AddBackward0>)",48.2171052631579,28.69298245614035,5,8,"tensor(20195.8926, device='cuda:0', grad_fn=<AddBackward0>)",56.19078947368421,29.24955597850156,6,8
12,"tensor(20108.7734, device='cuda:0', grad_fn=<AddBackward0>)",40.375,27.81458333333333,5,12,"tensor(20108.7734, device='cuda:0', grad_fn=<AddBackward0>)",48.23684210526316,28.86495405179616,5,12,"tensor(20108.7734, device='cuda:0', grad_fn=<AddBackward0>)",56.11842105263158,29.414773647393922,6,12
13,"tensor(20019.5742, device='cuda:0', grad_fn=<AddBackward0>)",40.46710526315789,27.95657894736842,5,13,"tensor(20019.5742, device='cuda:0', grad_fn=<AddBackward0>)",48.26973684210527,28.999600563909773,5,13,"tensor(20019.5742, device='cuda:0', grad_fn=<AddBackward0>)",56.29605263157895,29.55666774776809,6,13
14,"tensor(19955.8652, device='cuda:0', grad_fn=<AddBackward0>)",40.29605263157895,27.903179824561402,5,13,"tensor(19955.8652, device='cuda:0', grad_fn=<AddBackward0>)",48.01973684210527,28.94173454469507,5,13,"tensor(19955.8652, device='cuda:0', grad_fn=<AddBackward0>)",55.85526315789474,29.486022503649195,6,13
15,"tensor(19880.4160, device='cuda:0', grad_fn=<AddBackward0>)",40.20394736842105,27.795394736842105,5,13,"tensor(19880.4160, device='cuda:0', grad_fn=<AddBackward0>)",48.151315789473685,28.85904083124478,5,13,"tensor(19880.4160, device='cuda:0', grad_fn=<AddBackward0>)",55.98026315789474,29.3989832009383,6,13
16,"tensor(19810.5898, device='cuda:0', grad_fn=<AddBackward0>)",40.10526315789474,27.794298245614037,5,13,"tensor(19810.5898, device='cuda:0', grad_fn=<AddBackward0>)",48.19736842105263,28.881934001670846,5,13,"tensor(19810.5898, device='cuda:0', grad_fn=<AddBackward0>)",55.94078947368422,29.417814402354388,6,13
17,"tensor(19741.9258, device='cuda:0', grad_fn=<AddBackward0>)",40.21710526315789,27.718749999999996,5,13,"tensor(19741.9258, device='cuda:0', grad_fn=<AddBackward0>)",48.05263157894737,28.769042397660815,5,13,"tensor(19741.9258, device='cuda:0', grad_fn=<AddBackward0>)",55.84210526315789,29.30684451127919,6,13
18,"tensor(19691.6973, device='cuda:0', grad_fn=<AddBackward0>)",40.01315789473684,27.722039473684212,5,13,"tensor(19691.6973, device='cuda:0', grad_fn=<AddBackward0>)",47.9078947368421,28.7906589390142,5,13,"tensor(19691.6973, device='cuda:0', grad_fn=<AddBackward0>)",55.75,29.330513389768214,6,13
19,"tensor(19655.3027, device='cuda:0', grad_fn=<AddBackward0>)",40.13815789473684,27.779824561403505,5,13,"tensor(19655.3027, device='cuda:0', grad_fn=<AddBackward0>)",48.046052631578945,28.840927840434418,5,13,"tensor(19655.3027, device='cuda:0', grad_fn=<AddBackward0>)",55.93421052631579,29.383561062622498,6,13
20,"tensor(19588.2617, device='cuda:0', grad_fn=<AddBackward0>)",40.07236842105264,27.616228070175442,5,13,"tensor(19588.2617, device='cuda:0', grad_fn=<AddBackward0>)",47.776315789473685,28.64509189640769,5,13,"tensor(19588.2617, device='cuda:0', grad_fn=<AddBackward0>)",55.61184210526315,29.1865822043171,6,13
21,"tensor(19532.6895, device='cuda:0', grad_fn=<AddBackward0>)",39.82236842105264,27.726864035087722,5,13,"tensor(19532.6895, device='cuda:0', grad_fn=<AddBackward0>)",47.901315789473685,28.81189954051796,5,13,"tensor(19532.6895, device='cuda:0', grad_fn=<AddBackward0>)",55.585526315789465,29.343084612569143,6,13
22,"tensor(19501.6641, device='cuda:0', grad_fn=<AddBackward0>)",39.92763157894737,27.60679824561404,5,13,"tensor(19501.6641, device='cuda:0', grad_fn=<AddBackward0>)",47.96052631578947,28.689700814536344,5,13,"tensor(19501.6641, device='cuda:0', grad_fn=<AddBackward0>)",55.61184210526315,29.221437217990403,6,13
23,"tensor(19443.8691, device='cuda:0', grad_fn=<AddBackward0>)",39.73026315789473,27.63552631578947,5,13,"tensor(19443.8691, device='cuda:0', grad_fn=<AddBackward0>)",47.53947368421053,28.69005847953216,5,13,"tensor(19443.8691, device='cuda:0', grad_fn=<AddBackward0>)",55.46710526315789,29.243827704853807,6,13
24,"tensor(19411.3125, device='cuda:0', grad_fn=<AddBackward0>)",39.94078947368421,27.726754385964913,5,13,"tensor(19411.3125, device='cuda:0', grad_fn=<AddBackward0>)",47.63157894736842,28.76032007101086,5,13,"tensor(19411.3125, device='cuda:0', grad_fn=<AddBackward0>)",55.33552631578947,29.295032123404084,6,13
25,"tensor(19353.7559, device='cuda:0', grad_fn=<AddBackward0>)",39.828947368421055,27.57894736842105,5,13,"tensor(19353.7559, device='cuda:0', grad_fn=<AddBackward0>)",47.671052631578945,28.63002819548872,5,13,"tensor(19353.7559, device='cuda:0', grad_fn=<AddBackward0>)",55.375,29.166728906034812,6,13
26,"tensor(19319.7715, device='cuda:0', grad_fn=<AddBackward0>)",39.81578947368421,27.551535087719298,5,13,"tensor(19319.7715, device='cuda:0', grad_fn=<AddBackward0>)",47.598684210526315,28.59877036340852,5,13,"tensor(19319.7715, device='cuda:0', grad_fn=<AddBackward0>)",55.33552631578947,29.134516849916785,6,13
27,"tensor(19284.4863, device='cuda:0', grad_fn=<AddBackward0>)",39.51315789473684,27.407456140350877,5,13,"tensor(19284.4863, device='cuda:0', grad_fn=<AddBackward0>)",47.440789473684205,28.476749164578113,5,13,"tensor(19284.4863, device='cuda:0', grad_fn=<AddBackward0>)",55.401315789473685,29.028751437828546,6,13
28,"tensor(19247.4043, device='cuda:0', grad_fn=<AddBackward0>)",39.82236842105264,27.724451754385964,5,13,"tensor(19247.4043, device='cuda:0', grad_fn=<AddBackward0>)",47.57236842105263,28.76502715121136,5,13,"tensor(19247.4043, device='cuda:0', grad_fn=<AddBackward0>)",55.33552631578947,29.30230172759477,6,13
29,"tensor(19204.2227, device='cuda:0', grad_fn=<AddBackward0>)",39.5328947368421,27.55076754385965,5,13,"tensor(19204.2227, device='cuda:0', grad_fn=<AddBackward0>)",47.3421052631579,28.59546000417711,5,13,"tensor(19204.2227, device='cuda:0', grad_fn=<AddBackward0>)",55.2171052631579,29.13915918334965,6,13
