Epoch,Train Loss,Recall@5,MRR5,Best Epoch for Recall@5,Best Epoch for MRR5,Train Loss,Recall@10,MRR10,Best Epoch for Recall@10,Best Epoch for MRR10,Train Loss,Recall@20,MRR20,Best Epoch for Recall@20,Best Epoch for MRR20
0,"tensor(28690.6445, device='cuda:0', grad_fn=<AddBackward0>)",21.73359073359073,14.605534105534106,0,0,"tensor(28690.6445, device='cuda:0', grad_fn=<AddBackward0>)",26.996138996138995,15.309739841882699,0,0,"tensor(28690.6445, device='cuda:0', grad_fn=<AddBackward0>)",32.40540540540541,15.686828766229471,0,0
1,"tensor(25477.1367, device='cuda:0', grad_fn=<AddBackward0>)",21.91891891891892,14.563384813384813,1,0,"tensor(25477.1367, device='cuda:0', grad_fn=<AddBackward0>)",27.737451737451735,15.338568670711531,1,1,"tensor(25477.1367, device='cuda:0', grad_fn=<AddBackward0>)",33.5945945945946,15.742950756667032,1,1
2,"tensor(24199.7637, device='cuda:0', grad_fn=<AddBackward0>)",22.447876447876446,14.997297297297294,2,2,"tensor(24199.7637, device='cuda:0', grad_fn=<AddBackward0>)",28.220077220077222,15.765316847459705,2,2,"tensor(24199.7637, device='cuda:0', grad_fn=<AddBackward0>)",34.04247104247104,16.17035260867636,2,2
3,"tensor(23387.3203, device='cuda:0', grad_fn=<AddBackward0>)",22.26254826254826,14.729343629343628,2,2,"tensor(23387.3203, device='cuda:0', grad_fn=<AddBackward0>)",28.154440154440152,15.511619783048353,2,2,"tensor(23387.3203, device='cuda:0', grad_fn=<AddBackward0>)",33.78378378378378,15.904387762044772,2,2
4,"tensor(22741.0273, device='cuda:0', grad_fn=<AddBackward0>)",22.316602316602317,14.82020592020592,2,2,"tensor(22741.0273, device='cuda:0', grad_fn=<AddBackward0>)",27.942084942084943,15.566248391248392,2,2,"tensor(22741.0273, device='cuda:0', grad_fn=<AddBackward0>)",33.71814671814672,15.966221911511608,2,2
5,"tensor(22169.8301, device='cuda:0', grad_fn=<AddBackward0>)",21.957528957528957,14.374453024453027,2,2,"tensor(22169.8301, device='cuda:0', grad_fn=<AddBackward0>)",27.47876447876448,15.11319789176932,2,2,"tensor(22169.8301, device='cuda:0', grad_fn=<AddBackward0>)",33.43629343629343,15.525346258528478,2,2
6,"tensor(21728.0430, device='cuda:0', grad_fn=<AddBackward0>)",21.355212355212355,13.94980694980695,2,2,"tensor(21728.0430, device='cuda:0', grad_fn=<AddBackward0>)",26.8996138996139,14.695210516639087,2,2,"tensor(21728.0430, device='cuda:0', grad_fn=<AddBackward0>)",32.664092664092664,15.09413040707269,2,2
7,"tensor(21339.5098, device='cuda:0', grad_fn=<AddBackward0>)",20.91119691119691,13.877606177606177,2,2,"tensor(21339.5098, device='cuda:0', grad_fn=<AddBackward0>)",26.745173745173744,14.663568670711527,2,2,"tensor(21339.5098, device='cuda:0', grad_fn=<AddBackward0>)",32.424710424710426,15.054883469268695,2,2
8,"tensor(21020.9805, device='cuda:0', grad_fn=<AddBackward0>)",20.83011583011583,13.792406692406692,2,2,"tensor(21020.9805, device='cuda:0', grad_fn=<AddBackward0>)",26.328185328185327,14.522949990807135,2,2,"tensor(21020.9805, device='cuda:0', grad_fn=<AddBackward0>)",32.15057915057915,14.926558241148024,2,2
9,"tensor(20745.4941, device='cuda:0', grad_fn=<AddBackward0>)",20.57915057915058,13.56853281853282,2,2,"tensor(20745.4941, device='cuda:0', grad_fn=<AddBackward0>)",26.073359073359075,14.30443096157382,2,2,"tensor(20745.4941, device='cuda:0', grad_fn=<AddBackward0>)",31.849420849420852,14.70638215543125,2,2
10,"tensor(20521.4766, device='cuda:0', grad_fn=<AddBackward0>)",20.613899613899616,13.65045045045045,2,2,"tensor(20521.4766, device='cuda:0', grad_fn=<AddBackward0>)",25.98069498069498,14.365750444321874,2,2,"tensor(20521.4766, device='cuda:0', grad_fn=<AddBackward0>)",31.586872586872587,14.7539339227088,2,2
11,"tensor(20309.0820, device='cuda:0', grad_fn=<AddBackward0>)",20.332046332046332,13.33011583011583,2,2,"tensor(20309.0820, device='cuda:0', grad_fn=<AddBackward0>)",25.795366795366796,14.062641723356009,2,2,"tensor(20309.0820, device='cuda:0', grad_fn=<AddBackward0>)",31.328185328185327,14.446091247644762,2,2
12,"tensor(20112.2012, device='cuda:0', grad_fn=<AddBackward0>)",20.135135135135133,13.241248391248392,2,2,"tensor(20112.2012, device='cuda:0', grad_fn=<AddBackward0>)",25.486486486486488,13.95805907948765,2,2,"tensor(20112.2012, device='cuda:0', grad_fn=<AddBackward0>)",31.150579150579148,14.352134196345828,2,2
13,"tensor(19913.9473, device='cuda:0', grad_fn=<AddBackward0>)",20.003861003861005,13.136293436293437,2,2,"tensor(19913.9473, device='cuda:0', grad_fn=<AddBackward0>)",25.38223938223938,13.84976251761966,2,2,"tensor(19913.9473, device='cuda:0', grad_fn=<AddBackward0>)",30.776061776061773,14.224678778327608,2,2
14,"tensor(19765.9590, device='cuda:0', grad_fn=<AddBackward0>)",19.675675675675674,12.90823680823681,2,2,"tensor(19765.9590, device='cuda:0', grad_fn=<AddBackward0>)",25.038610038610038,13.620964331678618,2,2,"tensor(19765.9590, device='cuda:0', grad_fn=<AddBackward0>)",30.563706563706567,14.005430588446952,2,2
15,"tensor(19588.2832, device='cuda:0', grad_fn=<AddBackward0>)",19.393822393822393,12.686743886743887,2,2,"tensor(19588.2832, device='cuda:0', grad_fn=<AddBackward0>)",24.814671814671815,13.409700006128578,2,2,"tensor(19588.2832, device='cuda:0', grad_fn=<AddBackward0>)",30.27413127413127,13.78880354595193,2,2
16,"tensor(19434.9961, device='cuda:0', grad_fn=<AddBackward0>)",19.424710424710426,12.813899613899613,2,2,"tensor(19434.9961, device='cuda:0', grad_fn=<AddBackward0>)",24.606177606177607,13.508379297665012,2,2,"tensor(19434.9961, device='cuda:0', grad_fn=<AddBackward0>)",30.003861003861005,13.885429088442136,2,2
17,"tensor(19308.0039, device='cuda:0', grad_fn=<AddBackward0>)",19.26254826254826,12.574774774774774,2,2,"tensor(19308.0039, device='cuda:0', grad_fn=<AddBackward0>)",24.594594594594597,13.284048844763127,2,2,"tensor(19308.0039, device='cuda:0', grad_fn=<AddBackward0>)",29.88030888030888,13.646472073644786,2,2
18,"tensor(19188.2734, device='cuda:0', grad_fn=<AddBackward0>)",18.907335907335906,12.39234234234234,2,2,"tensor(19188.2734, device='cuda:0', grad_fn=<AddBackward0>)",24.235521235521233,13.102315070172214,2,2,"tensor(19188.2734, device='cuda:0', grad_fn=<AddBackward0>)",29.131274131274132,13.44159729345488,2,2
19,"tensor(19061.2188, device='cuda:0', grad_fn=<AddBackward0>)",18.783783783783782,12.391698841698842,2,2,"tensor(19061.2188, device='cuda:0', grad_fn=<AddBackward0>)",24.003861003861005,13.095716124287552,2,2,"tensor(19061.2188, device='cuda:0', grad_fn=<AddBackward0>)",29.212355212355213,13.454451333863096,2,2
20,"tensor(18950.4375, device='cuda:0', grad_fn=<AddBackward0>)",18.725868725868725,12.225418275418274,2,2,"tensor(18950.4375, device='cuda:0', grad_fn=<AddBackward0>)",23.84942084942085,12.908806765949624,2,2,"tensor(18950.4375, device='cuda:0', grad_fn=<AddBackward0>)",29.07335907335907,13.268743070362929,2,2
21,"tensor(18843.9062, device='cuda:0', grad_fn=<AddBackward0>)",18.54826254826255,12.20926640926641,2,2,"tensor(18843.9062, device='cuda:0', grad_fn=<AddBackward0>)",23.67953667953668,12.895648709934424,2,2,"tensor(18843.9062, device='cuda:0', grad_fn=<AddBackward0>)",28.687258687258687,13.24273316524533,2,2
22,"tensor(18727.4668, device='cuda:0', grad_fn=<AddBackward0>)",18.505791505791507,12.187580437580438,2,2,"tensor(18727.4668, device='cuda:0', grad_fn=<AddBackward0>)",23.532818532818535,12.858219954648526,2,2,"tensor(18727.4668, device='cuda:0', grad_fn=<AddBackward0>)",28.58301158301158,13.209794559894073,2,2
23,"tensor(18659.2383, device='cuda:0', grad_fn=<AddBackward0>)",18.355212355212355,12.103989703989704,2,2,"tensor(18659.2383, device='cuda:0', grad_fn=<AddBackward0>)",23.42857142857143,12.785394067536924,2,2,"tensor(18659.2383, device='cuda:0', grad_fn=<AddBackward0>)",28.42084942084942,13.133152049776331,2,2
24,"tensor(18559.0098, device='cuda:0', grad_fn=<AddBackward0>)",18.293436293436294,12.036293436293438,2,2,"tensor(18559.0098, device='cuda:0', grad_fn=<AddBackward0>)",23.13899613899614,12.68376846233989,2,2,"tensor(18559.0098, device='cuda:0', grad_fn=<AddBackward0>)",28.08494208494208,13.028369915178848,2,2
25,"tensor(18457.3750, device='cuda:0', grad_fn=<AddBackward0>)",18.37837837837838,12.010489060489059,2,2,"tensor(18457.3750, device='cuda:0', grad_fn=<AddBackward0>)",23.18146718146718,12.651504565790281,2,2,"tensor(18457.3750, device='cuda:0', grad_fn=<AddBackward0>)",28.057915057915057,12.991623102287628,2,2
26,"tensor(18399.4844, device='cuda:0', grad_fn=<AddBackward0>)",18.06177606177606,11.844594594594593,2,2,"tensor(18399.4844, device='cuda:0', grad_fn=<AddBackward0>)",22.8030888030888,12.48363669792241,2,2,"tensor(18399.4844, device='cuda:0', grad_fn=<AddBackward0>)",27.756756756756758,12.824431815453488,2,2
27,"tensor(18325.0117, device='cuda:0', grad_fn=<AddBackward0>)",18.027027027027025,11.727863577863578,2,2,"tensor(18325.0117, device='cuda:0', grad_fn=<AddBackward0>)",22.82625482625483,12.369916344916348,2,2,"tensor(18325.0117, device='cuda:0', grad_fn=<AddBackward0>)",27.54440154440154,12.693629385972377,2,2
28,"tensor(18279.5859, device='cuda:0', grad_fn=<AddBackward0>)",17.90733590733591,11.71010296010296,2,2,"tensor(18279.5859, device='cuda:0', grad_fn=<AddBackward0>)",22.722007722007724,12.355717962860819,2,2,"tensor(18279.5859, device='cuda:0', grad_fn=<AddBackward0>)",27.47876447876448,12.688059893953305,2,2
29,"tensor(18179.3398, device='cuda:0', grad_fn=<AddBackward0>)",17.664092664092664,11.67895752895753,2,2,"tensor(18179.3398, device='cuda:0', grad_fn=<AddBackward0>)",22.355212355212355,12.30803916161059,2,2,"tensor(18179.3398, device='cuda:0', grad_fn=<AddBackward0>)",27.231660231660232,12.644413991710543,2,2
