Epoch,Train Loss,Recall@5,MRR5,Best Epoch for Recall@5,Best Epoch for MRR5,Train Loss,Recall@10,MRR10,Best Epoch for Recall@10,Best Epoch for MRR10,Train Loss,Recall@20,MRR20,Best Epoch for Recall@20,Best Epoch for MRR20
0,"tensor(32271.1406, device='cuda:0', grad_fn=<AddBackward0>)",21.8030888030888,14.820012870012869,0,0,"tensor(32271.1406, device='cuda:0', grad_fn=<AddBackward0>)",27.328185328185327,15.560867500153213,0,0,"tensor(32271.1406, device='cuda:0', grad_fn=<AddBackward0>)",32.7992277992278,15.944728165515428,0,0
1,"tensor(29560.8750, device='cuda:0', grad_fn=<AddBackward0>)",22.0,14.942728442728443,1,1,"tensor(29560.8750, device='cuda:0', grad_fn=<AddBackward0>)",27.67181467181467,15.706672488815343,1,1,"tensor(29560.8750, device='cuda:0', grad_fn=<AddBackward0>)",33.63706563706564,16.121670334800587,1,1
2,"tensor(28508.4258, device='cuda:0', grad_fn=<AddBackward0>)",22.08108108108108,15.033204633204633,2,2,"tensor(28508.4258, device='cuda:0', grad_fn=<AddBackward0>)",28.023166023166024,15.822107311393028,2,2,"tensor(28508.4258, device='cuda:0', grad_fn=<AddBackward0>)",33.79150579150579,16.223111389940232,2,2
3,"tensor(27771.7812, device='cuda:0', grad_fn=<AddBackward0>)",22.428571428571427,15.217245817245818,3,3,"tensor(27771.7812, device='cuda:0', grad_fn=<AddBackward0>)",28.18918918918919,15.982922718637004,3,3,"tensor(27771.7812, device='cuda:0', grad_fn=<AddBackward0>)",33.93050193050193,16.382304076305623,3,3
4,"tensor(27204.3047, device='cuda:0', grad_fn=<AddBackward0>)",22.49034749034749,15.042149292149293,4,3,"tensor(27204.3047, device='cuda:0', grad_fn=<AddBackward0>)",28.25868725868726,15.813023227308943,4,3,"tensor(27204.3047, device='cuda:0', grad_fn=<AddBackward0>)",34.366795366795365,16.240422881510895,4,3
5,"tensor(26783.0996, device='cuda:0', grad_fn=<AddBackward0>)",22.436293436293436,15.255212355212356,4,5,"tensor(26783.0996, device='cuda:0', grad_fn=<AddBackward0>)",28.17760617760618,16.02596525096525,4,5,"tensor(26783.0996, device='cuda:0', grad_fn=<AddBackward0>)",34.49034749034749,16.470244884884426,5,5
6,"tensor(26423.0723, device='cuda:0', grad_fn=<AddBackward0>)",22.47876447876448,15.10096525096525,4,5,"tensor(26423.0723, device='cuda:0', grad_fn=<AddBackward0>)",28.37837837837838,15.890584972727831,6,5,"tensor(26423.0723, device='cuda:0', grad_fn=<AddBackward0>)",34.67953667953668,16.33072193204325,6,5
7,"tensor(26134.0938, device='cuda:0', grad_fn=<AddBackward0>)",22.664092664092664,15.212162162162162,7,5,"tensor(26134.0938, device='cuda:0', grad_fn=<AddBackward0>)",28.424710424710426,15.98160354231783,7,5,"tensor(26134.0938, device='cuda:0', grad_fn=<AddBackward0>)",34.75675675675676,16.421951075522504,7,5
8,"tensor(25915.1855, device='cuda:0', grad_fn=<AddBackward0>)",22.293436293436294,14.859845559845558,7,5,"tensor(25915.1855, device='cuda:0', grad_fn=<AddBackward0>)",28.115830115830114,15.637286265857691,7,5,"tensor(25915.1855, device='cuda:0', grad_fn=<AddBackward0>)",34.18918918918919,16.06088860968892,7,5
9,"tensor(25681.1270, device='cuda:0', grad_fn=<AddBackward0>)",22.111969111969113,14.699420849420852,7,5,"tensor(25681.1270, device='cuda:0', grad_fn=<AddBackward0>)",27.868725868725868,15.466354109211252,7,5,"tensor(25681.1270, device='cuda:0', grad_fn=<AddBackward0>)",34.02316602316603,15.894562076588837,7,5
10,"tensor(25476.1250, device='cuda:0', grad_fn=<AddBackward0>)",21.864864864864863,14.586808236808235,7,5,"tensor(25476.1250, device='cuda:0', grad_fn=<AddBackward0>)",27.44015444015444,15.326886069743212,7,5,"tensor(25476.1250, device='cuda:0', grad_fn=<AddBackward0>)",33.38610038610039,15.743188741823195,7,5
11,"tensor(25263.3242, device='cuda:0', grad_fn=<AddBackward0>)",21.625482625482626,14.332947232947232,7,5,"tensor(25263.3242, device='cuda:0', grad_fn=<AddBackward0>)",27.231660231660232,15.077554084696942,7,5,"tensor(25263.3242, device='cuda:0', grad_fn=<AddBackward0>)",33.02702702702703,15.479595128644222,7,5
12,"tensor(25143.8438, device='cuda:0', grad_fn=<AddBackward0>)",21.602316602316602,14.329086229086228,7,5,"tensor(25143.8438, device='cuda:0', grad_fn=<AddBackward0>)",26.87644787644788,15.030793037935894,7,5,"tensor(25143.8438, device='cuda:0', grad_fn=<AddBackward0>)",32.683397683397686,15.435663990882922,7,5
13,"tensor(24959.4668, device='cuda:0', grad_fn=<AddBackward0>)",21.38996138996139,14.128378378378379,7,5,"tensor(24959.4668, device='cuda:0', grad_fn=<AddBackward0>)",26.571428571428573,14.818094625237482,7,5,"tensor(24959.4668, device='cuda:0', grad_fn=<AddBackward0>)",32.335907335907336,15.216155974769421,7,5
14,"tensor(24771.4531, device='cuda:0', grad_fn=<AddBackward0>)",20.92277992277992,13.85958815958816,7,5,"tensor(24771.4531, device='cuda:0', grad_fn=<AddBackward0>)",26.135135135135133,14.546528160813876,7,5,"tensor(24771.4531, device='cuda:0', grad_fn=<AddBackward0>)",31.61003861003861,14.928490573747096,7,5
15,"tensor(24608.5820, device='cuda:0', grad_fn=<AddBackward0>)",20.274131274131275,13.56981981981982,7,5,"tensor(24608.5820, device='cuda:0', grad_fn=<AddBackward0>)",25.536679536679536,14.26870441870442,7,5,"tensor(24608.5820, device='cuda:0', grad_fn=<AddBackward0>)",30.94208494208494,14.647491086577775,7,5
16,"tensor(24462.0508, device='cuda:0', grad_fn=<AddBackward0>)",20.494208494208493,13.595495495495493,7,5,"tensor(24462.0508, device='cuda:0', grad_fn=<AddBackward0>)",25.59073359073359,14.274094502665932,7,5,"tensor(24462.0508, device='cuda:0', grad_fn=<AddBackward0>)",30.97683397683398,14.646957156847693,7,5
17,"tensor(24304.3535, device='cuda:0', grad_fn=<AddBackward0>)",20.15830115830116,13.422200772200773,7,5,"tensor(24304.3535, device='cuda:0', grad_fn=<AddBackward0>)",25.254826254826256,14.101202733345591,7,5,"tensor(24304.3535, device='cuda:0', grad_fn=<AddBackward0>)",30.19305019305019,14.443726215132674,7,5
18,"tensor(24129.9258, device='cuda:0', grad_fn=<AddBackward0>)",19.733590733590734,13.212741312741313,7,5,"tensor(24129.9258, device='cuda:0', grad_fn=<AddBackward0>)",24.69111969111969,13.869035361892507,7,5,"tensor(24129.9258, device='cuda:0', grad_fn=<AddBackward0>)",29.779922779922778,14.225936331520145,7,5
19,"tensor(23995.3320, device='cuda:0', grad_fn=<AddBackward0>)",19.28571428571429,13.014414414414412,7,5,"tensor(23995.3320, device='cuda:0', grad_fn=<AddBackward0>)",24.11196911196911,13.659647913219342,7,5,"tensor(23995.3320, device='cuda:0', grad_fn=<AddBackward0>)",29.003861003861005,14.000655706781314,7,5
20,"tensor(23867.8047, device='cuda:0', grad_fn=<AddBackward0>)",19.27027027027027,12.946267696267697,7,5,"tensor(23867.8047, device='cuda:0', grad_fn=<AddBackward0>)",24.281853281853284,13.618151314579888,7,5,"tensor(23867.8047, device='cuda:0', grad_fn=<AddBackward0>)",29.06177606177606,13.948937260762781,7,5
21,"tensor(23670.2480, device='cuda:0', grad_fn=<AddBackward0>)",18.915057915057915,12.654826254826258,7,5,"tensor(23670.2480, device='cuda:0', grad_fn=<AddBackward0>)",23.54054054054054,13.275433596862172,7,5,"tensor(23670.2480, device='cuda:0', grad_fn=<AddBackward0>)",28.35135135135135,13.612289229156765,7,5
22,"tensor(23558.0703, device='cuda:0', grad_fn=<AddBackward0>)",18.285714285714285,12.29054054054054,7,5,"tensor(23558.0703, device='cuda:0', grad_fn=<AddBackward0>)",22.814671814671815,12.892786664215237,7,5,"tensor(23558.0703, device='cuda:0', grad_fn=<AddBackward0>)",27.436293436293436,13.21277082515473,7,5
23,"tensor(23449.8145, device='cuda:0', grad_fn=<AddBackward0>)",18.474903474903474,12.28963963963964,7,5,"tensor(23449.8145, device='cuda:0', grad_fn=<AddBackward0>)",23.18146718146718,12.916006312434883,7,5,"tensor(23449.8145, device='cuda:0', grad_fn=<AddBackward0>)",27.764478764478767,13.233072780203475,7,5
24,"tensor(23315.2988, device='cuda:0', grad_fn=<AddBackward0>)",18.324324324324323,12.205984555984555,7,5,"tensor(23315.2988, device='cuda:0', grad_fn=<AddBackward0>)",22.976833976833976,12.820342281056568,7,5,"tensor(23315.2988, device='cuda:0', grad_fn=<AddBackward0>)",27.7027027027027,13.147846223891113,7,5
25,"tensor(23162.1836, device='cuda:0', grad_fn=<AddBackward0>)",17.563706563706564,11.915765765765766,7,5,"tensor(23162.1836, device='cuda:0', grad_fn=<AddBackward0>)",21.976833976833976,12.5016731016731,7,5,"tensor(23162.1836, device='cuda:0', grad_fn=<AddBackward0>)",26.297297297297295,12.799592730867609,7,5
26,"tensor(23106.2227, device='cuda:0', grad_fn=<AddBackward0>)",17.89189189189189,11.914607464607464,7,5,"tensor(23106.2227, device='cuda:0', grad_fn=<AddBackward0>)",22.55598455598456,12.532985536556968,7,5,"tensor(23106.2227, device='cuda:0', grad_fn=<AddBackward0>)",26.891891891891888,12.834769415629655,7,5
27,"tensor(22979.3223, device='cuda:0', grad_fn=<AddBackward0>)",17.783783783783782,11.951930501930502,7,5,"tensor(22979.3223, device='cuda:0', grad_fn=<AddBackward0>)",22.393822393822393,12.563545688545688,7,5,"tensor(22979.3223, device='cuda:0', grad_fn=<AddBackward0>)",26.84169884169884,12.872291665823287,7,5
28,"tensor(22870.8633, device='cuda:0', grad_fn=<AddBackward0>)",17.38223938223938,11.722651222651221,7,5,"tensor(22870.8633, device='cuda:0', grad_fn=<AddBackward0>)",21.656370656370658,12.287166758595328,7,5,"tensor(22870.8633, device='cuda:0', grad_fn=<AddBackward0>)",25.876447876447877,12.579854060714302,7,5
29,"tensor(22801.1621, device='cuda:0', grad_fn=<AddBackward0>)",17.409266409266408,11.6993564993565,7,5,"tensor(22801.1621, device='cuda:0', grad_fn=<AddBackward0>)",22.023166023166024,12.312816387816389,7,5,"tensor(22801.1621, device='cuda:0', grad_fn=<AddBackward0>)",26.45945945945946,12.620888390055793,7,5
